소재지,장례식장 이름,주소,전화번호
서울,서울적십자병원장례식장,"서울특별시 종로구 새문안로 9 (평동, 적십자병원)",02-2002-8444
서울,서울대학교병원장례식장,"서울특별시 종로구 대학로 101, 서울대학교병원 (연건동)",02-2072-2020
서울,국립중앙의료원 장례식장,"서울특별시 중구 을지로 245 (을지로6가, 국립중앙의료원)",02-2262-4800
서울,순천향서울장례식장,"서울특별시 용산구 대사관로 59 (한남동, 순천향대학교병원)",02-797-4444
서울,한양대학병원장례식장,"서울특별시 성동구 왕십리로 222-1 (사근동, 한양대학부속병원)",02-2290-9442
서울,건국대학교병원장례식장,서울특별시 광진구 능동로 120-1 (화양동),02-2030-7900
서울,혜민병원장례식장,서울특별시 광진구 자양로 85 (자양동),02-444-1552
서울,경희의료원장례식장,"서울특별시 동대문구 경희대로 23, 경희의료원장례식장 (회기동, 경희의료원)",02-958-9721
서울,삼육서울병원 추모관,서울특별시 동대문구 망우로 82 (휘경동),02-2215-4444
서울,서울특별시 동부병원 장례식장,"서울특별시 동대문구 무학로 124 (용두동, 시립동부병원)",02-920-9445
서울,코리아병원장례식장,서울특별시 동대문구 장한로 143 (장안동),02-2244-0330
서울,서울특별시 서울의료원 장례식장,"서울특별시 중랑구 신내로 156 후문 (신내동, 서울의료원)",02-2276-7671
서울,면목녹색병원 장례식장,"서울특별시 중랑구 사가정로49길 53 (면목동, 녹색병원)",02-493-4444
서울,고려대학교안암병원 장례식장,서울특별시 성북구 안암동5가 126-1 고대안암병원장례식장,02-923-4442
서울,뉴타운장례식장,서울특별시 성북구 종암로 199 (하월곡동),02-909-4444
서울,서울좋은병원장례식장,서울특별시 강북구 도봉로 114 (미아동),02-984-5000
서울,대한병원장례식장,서울특별시 강북구 도봉로 301 (수유동),02-992-4444
서울,한일병원장례식장,서울특별시 도봉구 우이천로 308 한일병원장례식장 (쌍문동),02-901-3440
서울,원자력병원장례식장,"서울특별시 노원구 노원로 75 (공릉동, 한국원자력의학원)",02-970-1288
서울,인제대학교상계백병원 장례식장,"서울특별시 노원구 동일로 1342 (상계동, 상계백병원)",02-938-5320
서울,더조은장례식장,"서울특별시 노원구 화랑로 323 지하1층, 지하3층 (월계동)",02-941-4444
서울,노원을지대학교병원장례 식장,"서울특별시 노원구 한글비석로 68 (하계동, 을지병원)",02-970-8444
서울,태릉성심장례식장,서울특별시 노원구 화랑로 425-8 (공릉동),02-976-8811
서울,은평성모장례식장,"서울특별시 은평구 통일로 1021,은평성모장례식장 (진관동)",02-2030-4444
서울,은평요양병원장례식장,"서울특별시 은평구 통일로 935,은평요양병원장례식장 (갈현동)",02-3216-4444
서울,청구성심병원장례식장,"서울특별시 은평구 통일로 873 (갈현동, 청구성심병원)",02-357-4445
서울,연세대학교 신촌장례식장,"서울특별시 서대문구 연세로 50-1 (신촌동, 연세의료원)",02-2227-7500
서울,동신병원장례식장,서울특별시 서대문구 연희로 272 (홍은동),02-395-1024
서울,이대목동병원장례식장,"서울특별시 양천구 안양천로 1071 (목동, 이화여대목동병원)",02-2650-5121
서울,홍익병원장례식장,서울특별시 양천구 등촌로 22 (목동),02-2600-1444
서울,메디힐병원장례식장,서울특별시 양천구 남부순환로 331 (신월동),02-2601-7500
서울,양천효병원장례식장,서울특별시 양천구 오목로 121 (신정동),02-2692-4443
서울,이대서울병원장례식장,"서울특별시 강서구 공항대로 260 (마곡동, 이화의대부속서울병원)",02-6986-4440
서울,강서개화장례식장,서울특별시 강서구 양천로 35 (방화동),02-2661-4444
서울,강서장례식장,서울특별시 강서구 화곡로 163 (화곡동),02-2691-4414
서울,고려대구로병원장례식장,"서울특별시 구로구 구로동로 148 (구로동, 고려대부속구로병원)",02-857-4443
서울,구로성심병원장례식장,서울특별시 구로구 경인로 427 (고척동),02-2067-1544
서울,쉴낙원 서울제중장례식장,"서울특별시 구로구 새말로 60 (구로동, 제중요양병원)",02-1480-7121
서울,쉴낙원 서울장례식장,"서울특별시 금천구 서부샛길 732 (가산동, 서울장례식장)",02-2683-4444
서울,독산장례식장,서울특별시 금천구 시흥대로116길 5 (독산동),02-858-4444
서울,여의도성모장례식장,"서울특별시 영등포구 63로 10 (여의도동, 여의도성모병원)",02-3779-1526
서울,교원예움 서울장례식장,"서울특별시 영등포구 선유로 101,교원예움서서울장례식장 (양평동1가)",02-2676-4444
서울,신화장례식장,"서울특별시 영등포구 영중로 100(영등포동7가, 신화요양병원)",02-2679-1122
서울,영등포장례식장,"서울특별시 영등포구 당산로31길 6 (당산동3가, 영등포병원)",02-2679-4444
서울,한강성심병원장례식장,"서울특별시 영등포구 국회대로56길 18,한강성심병원 5별관지하1층 (영등포동7가)",02-2633-4455
서울,복지장례문화원,서울특별시 영등포구 도림로 142 (대림동),02-846-4444
서울,성애장례식장,"서울특별시 영등포구 여의대방로53길 22 (신길동, 성애병원)",02-844-4444
서울,한림대 강남성심병원장례식장,"서울특별시 영등포구 신길로 1 (대림동, 강남성심병원)",02-833-3794
서울,중앙대학교병원장례식장,"서울특별시 동작구 흑석로 102 (흑석동, 중앙대학교병원)",02-860-3500
서울,서울특별시보라매병원장 례식장,"서울특별시 동작구 보라매로5길 20 (신대방동, 서울특별시보라매병원)",02-836-6900
서울,주식회사정겨운(우신장 례식장),"서울특별시 관악구 시흥대로 572 (신림동, 한성빌딩)",02-838-4444
서울,서울성모장례식장,"서울특별시 서초구 반포대로 222 (반포동, 가톨릭대학교성의교정)",02-2258-5940
서울,삼성서울병원장례식장,"서울특별시 강남구 일원로 81 (일원동, 삼성의료원)",02-3410-3151
서울,연세대학교강남장례식장,"서울특별시 강남구 언주로 211 (도곡동, 강남세브란스병원)",02-2019-4000
서울,서울아산병원 장례식장,"서울특별시 송파구 올림픽로43길 88 (풍납동, 서울아산병원)",02-3010-2000
서울,경찰병원장례식장,"서울특별시 송파구 송이로 123 (가락동, 국립경찰병원)",02-431-4400
서울,강동경희대학교병원장례 식장,"서울특별시 강동구 동남로 892 (상일동, 강동경희대학교병원)",02-440-8800
서울,중앙보훈병원장례식장,"서울특별시 강동구 진황도로61길 53 (둔촌동, 중앙보훈병원)",02-2225-1004
서울,강동성심병원장례식장,"서울특별시 강동구 성안로 150 (길동, 강동성심병원)",02-470-1692
서울,서울현대요양병원장례식 장,"서울특별시 강동구 올림픽로 684 (천호동, 친구병원)",02-486-4444
서울,동주병원장례식장,서울특별시 강동구 천호대로170길 19 (성내동),02-471-4444
부산,메리놀병원장례식장,부산광역시 중구 중구로 121 (대청동4가),051-465-1024
부산,고신대병원 장례식장,"부산광역시 서구 감천로 262 (암남동, 고신대학교복음병원)",051-990-6444
부산,부산대학교병원장례식장,"부산광역시 서구 구덕로 179 (아미동1가, 부산대학병원)",051-240-7161
부산,동아대학교병원장례식장,"부산광역시 서구 대신공원로 26 (동대신동3가, 동아대학교병원)",051-256-7070
부산,좌천봉생병원장례식장,부산광역시 동구 중앙대로 401 (좌천동),051-638-4411
부산,인창병원장례식장,부산광역시 동구 중앙대로 281 (초량동),051-464-5858
부산,청십자병원장례식장,부산광역시 동구 중앙대로 364 (수정동),051-469-1024
부산,주식회사구민장례식장,부산광역시 영도구 절영로 16 (대교동1가),051-416-0004
부산,해동병원장례식장,부산광역시 영도구 태종로 133 (봉래동3가),051-410-6891
부산,정요양병원장례식장,"부산광역시 영도구 절영로 32 (대교동1가, 정요양병원)",051-410-1777
부산,(주)시민장례식장,부산광역시 부산진구 자유평화로 31 (범천동),051-636-4444
부산,부산백병원 장례식장,"부산광역시 부산진구 복지로 75 (개금동, 부산백병원)",051-896-4444
부산,동의의료원장례식장,"부산광역시 부산진구 양정로 62,1층 (양정동,동의의료원)",051-866-3757
부산,수장례식장,"부산광역시 부산진구 동평로 401, 지하1층, 지하2층 (양정동)",051-853-1024
부산,온병원 장례식장,부산광역시 부산진구 가야대로 721 (당감동),051-607-0111
부산,춘해병원장례식장,부산광역시 부산진구 중앙대로 605 (범천동),051-638-0044
부산,대동병원장례식장,"부산광역시 동래구 충렬대로181번길 22 (지하1층, 2층) (명륜동, 대동병원장례식)",051-550-9991
부산,동래봉생병원장례식장,"부산광역시 동래구 충렬대로348번길 23 (낙민동, 설봉빌딩)",051-531-7100
부산,(주)착한전문장례식장,"부산광역시 동래구 반송로 183 (낙민동, RP안락점)",051-987-1024
부산,(주)장례식장아시아드,부산광역시 동래구 여고로 42 (사직동),051-503-0770
부산,프라임장례원,"부산광역시 동래구 미남로146번길 11 (온천동, 광혜병원장례식장)",051-506-1022
부산,성산현대요양병원장례식 장,"부산광역시 동래구 시실로 12,B1층 (명륜동, 현대병원)",051-552-1024
부산,빌리브 세웅병원 쉴낙원 장례식장,부산광역시 동래구 충렬대로 455 (안락동),051-521-3740
부산,부산성모병원장례식장,부산광역시 남구 용호로232번길 25-14 (용호동),051-933-7480
부산,대연장례식장,부산광역시 남구 수영로 164 (대연동),051-711-4448
부산,한중프라임장례식장,부산광역시 북구 낙동대로 1596 (구포동),051-305-4000
부산,(주)비이케이더블유 좋은장례식장,"부산광역시 북구 금곡대로 586 (금곡동, 좋은리버뷰요양병원)",051-911-4444
부산,해운대백병원장례식장,"부산광역시 해운대구 해운대로 875 (좌동, 인제대학교해운대백병원)",051-893-4444
부산,성심장례식장,"부산광역시 해운대구 좌동순환로 462 (중동, 성심병원)",051-747-5600
부산,반송장례식장,부산광역시 해운대구 반송로 832 (반송동),051-525-1024
부산,괴정병원장례식장,부산광역시 사하구 낙동대로249번길 11 (괴정동),051-293-4382
부산,사하구민장례식장,부산광역시 사하구 하신중앙로17번길 25 (장림동),051-715-4441
부산,다대수병원장례식장,부산광역시 사하구 다대로 565 (다대동),051-264-3535
부산,서부산시민장례식장,부산광역시 사하구 장림번영로 59 (장림동),051-264-0444
부산,중앙U병원장례식장,부산광역시 사하구 감천로 59 (감천동),051-201-0468
부산,자연병원장례식장,부산광역시 사하구 장평로 1 (장림동),051-262-1023
부산,동산병원장례식장,부산광역시 사하구 낙동대로216번길 10 (괴정동),051-201-0909
부산,경희병원장례식장,부산광역시 사하구 다대로 321 (장림동),051-266-4111
부산,금사장례식장,부산광역시 금정구 반송로 470 (금사동),051-977-4445
부산,행림병원 장례식장,"부산광역시 금정구 중앙대로 1905(행림병원장례식장) (구서동, 행림병원)",051-582-1024
부산,부산영락공원장례식장,"부산광역시 금정구 금정도서관로 108 (두구동, 영락공원)",051-790-5000
부산,동래한서병원장례식장,부산광역시 금정구 중앙대로 1721 (부곡동),051-582-1041
부산,세웅병원장례식장,부산광역시 금정구 서동로 162 (서동),051-527-7711
부산,강산병원장례식장,부산광역시 금정구 공단로 7강산병원장례식장 (금사동),051-532-9119
부산,갑을녹산병원장례식장,"부산광역시 강서구 녹산산단321로 24-8 (송정동, 녹산한마음병원)",051-972-1024
부산,부산광역시의료원장례식 장,"부산광역시 연제구 월드컵대로 359 (거제동, 부산의료원)",051-607-2990
부산,BHS한서병원장례식장,부산광역시 수영구 수영로 615 (광안동),051-751-1860
부산,(주)비케이더블유 좋은강안병원지점,부산광역시 수영구 수영로 493 (남천동),051-610-9009
부산,남천장례식장,부산광역시 수영구 수영로 456 (남천동),051-626-4003
부산,부산전문장례식장,"부산광역시 사상구 낙동대로 1056 (감전동, 부산전문장례예식장)",051-312-4444
부산,삼신전문장례식장,부산광역시 사상구 대동로 261 (감전동),051-323-0044
부산,부산보훈병원장례식장,"부산광역시 사상구 백양대로 420 (주례동, 부산보훈병원)",051-601-6785
부산,(주)비이케이더블유 좋은삼선병원지점,"부산광역시 사상구 가야대로 326 (주례동, 좋은삼선병원)",051-310-9292
부산,기장병원장례식장,"부산광역시 기장군 기장읍 대청로72번길 6 (청강리, 기장병원)",051-724-1024
부산,동남권원자력의학원장례 식장,"부산광역시 기장군 장안읍 좌동길 40 (좌동리, 동남권원자력의학원)",051-720-5421
대구,경북대학교병원장례식장 (공사중),"대구광역시 중구 동덕로 130 (삼덕동2가, 경북대학교병원)",053-200-6465
대구,계명대학교대구동산병원 장례식장,"대구광역시 중구 달성로 56 (동산동, 계명대학교동산의료원)",053-250-8451
대구,운경의료재단곽병원장례 식장,"대구광역시 중구 국채보상로 531 (수동, 곽병원)",053-252-1023
대구,계산성당 연도실,"대구광역시 중구 서성로 10 (계산동2가, 천주교계산천주교회)",053-256-2046
대구,대구파티마병원장례식장,"대구광역시 동구 아양로 99 (신암동, 파티마병원)",053-958-9000
대구,강남병원장례식장,대구광역시 동구 동촌로 207 (방촌동),053-986-0044
대구,효경G병원장례식장,대구광역시 동구 화랑로 157 (효목동),053-746-9310
대구,바른병원장례식장(휴업),대구광역시 동구 해동로 119 (입석동),053-984-1414
대구,대구전문장례식장,대구광역시 동구 금호강변로 71 (용계동),053-961-4444
대구,안심병원장례식장,대구광역시 동구 안심로41길 50 (서호동),053-962-1024
대구,대구의료원 국화원 장례식장,"대구광역시 서구 평리로 157 (중리동, 대구의료원)",053-560-9552
대구,웰니스1004병원장례식 장,대구광역시 서구 달구벌대로 1889 (내당동),053-522-0444
대구,제일효병원장례식장,대구광역시 서구 북비산로 250 (평리동),053-525-1024
대구,새동산병원 장례식장(구 365병원장례식장),대구광역시 서구 국채보상로 379 (비산동),053-527-4447
대구,대구연세요양병원장례식 장,대구광역시 서구 북비산로 156 (평리동),053-556-8008
대구,대구가톨릭대학교의료원 장례식장,"대구광역시 남구 두류공원로17길 33 (대명동, 대구가톨릭의과대학병원)",053-650-4444
대구,영남대학교의료원 장례식장,대구광역시 남구 현충로 170 (대명동),053-620-4647
대구,성심요양병원장례식장,대구광역시 남구 대명로 14 (대명동),053-651-1024
대구,명덕효요양병원부속백화 원,"대구광역시 남구 중앙대로 227 (대명동, 재건병원)",053-624-4444
대구,대구요양병원장례식장,"대구광역시 남구 현충로 184 (대명동, 효덕요양병원)",053-624-8444
대구,대구시민전문장례식장,대구광역시 북구 호국로 898 (동호동),053-324-4444
대구,칠곡경북대학교병원장례 식장,대구광역시 북구 호국로 807 (학정동),053-200-2500
대구,배성병원장례식장,대구광역시 북구 검단로 140 (검단동),053-382-1600
대구,k병원장례식장 예지원,대구광역시 북구 칠곡중앙대로 357 (태전동),053-322-4444
대구,대구상례원전문장례식장,대구광역시 북구 호국로 133 (서변동),053-952-4000
대구,첨단요양병원장례식장,"대구광역시 북구 대현로 19 (대현동,대현첨단병원)",053-669-1004
대구,강북전문장례식장,대구광역시 북구 칠곡중앙대로 504-12 (읍내동),053-313-1024
대구,강북장례식장,대구광역시 북구 칠곡중앙대로 504-6 (읍내동),053-313-1024
대구,문요양병원장례식장,대구광역시 북구 칠곡중앙대로 215 (태전동),053-323-4444
대구,대구병원장례식장,대구광역시 북구 칠곡중앙대로 194 (태전동),053-311-4488
대구,케이마디병원장례식장,대구광역시 북구 팔달로 217 (노원동2가),053-353-4442
대구,한성병원장례식장,"대구광역시 북구 칠성남로30길 28,7층 (칠성동2가, 한성병원)",053-253-3444
대구,수성연도실,"대구광역시 수성구 수성로 347 (수성동1가, 수성성당)",053-751-5961
대구,황금요양병원 장례식장,대구광역시 수성구 수성로 216.2층 (2층),053-745-4444
대구,한패밀리병원장례식장,대구광역시 수성구 동대구로 12 (지산동),053-760-8800
대구,수성요양병원장례식장,"대구광역시 수성구 동대구로 148 (황금동, 수성요양병원)",053-766-4444
대구,천주성삼병원장례식장,대구광역시 수성구 달구벌대로 3190 (신매동),053-792-1024
대구,모레아장례식장,대구광역시 수성구 유니버시아드로 365 (욱수동),053-801-9999
대구,계명대학교동산병원백합 원,"대구광역시 달서구 달구벌대로 1035 (신당동, 계명대학교동산병원)",053-258-4444
대구,대구기독병원장례식장,대구광역시 달서구 달구벌대로 1750 (두류동),053-627-4447
대구,남대구전문장례식장,대구광역시 달서구 성서공단로 315 (장동),053-584-4444
대구,대구보훈병원장례식장,대구광역시 달서구 월곡로 60 (도원동 748번지),053-625-4466
대구,허병원장례식장,대구광역시 달서구 학산로 121 (본동),053-522-4300
대구,송현장례식장,대구광역시 달서구 월배로 384 (송현동),053-621-4949
대구,에스병원장례식장,대구광역시 달서구 와룡로 57 (본리동),053-567-0909
대구,구병원장례식장,대구광역시 달서구 감삼북길 141 (감삼동),053-524-4444
대구,중앙요양병원 장례식장(구.가야기독),대구광역시 달서구 월배로83길 14 (송현동),053-627-4444
대구,삼일병원장례식장,대구광역시 달서구 월배로 440 (송현동),053-219-1004
대구,한결장례식장,대구광역시 달서구 대명천로 15 (성당동),053-655-4444
대구,성서요양병원장례식장,대구광역시 달서구 문화회관1안길 29 (장기동),053-582-0444
대구,선진요양병원장례식장,대구광역시 달서구 월배로 446 (송현동),053-655-1110
대구,성서병원장례식장,대구광역시 달서구 달구벌대로 1152지하2층 (신당동),053-581-4444
대구,하나원전문장례식장,대구광역시 달성군 현풍면 논공로 96 (성하리),053-615-4000
대구,(복)대구가톨릭사회복지 회논공 장례식장,"대구광역시 달성군 논공읍 논공로 210, 성요셉요양병원장례식장 (남리)",053-617-3644
대구,현대S라이프(주)연세병 원장례식장,대구광역시 달성군 화원읍 비슬로 2525 (성산리),053-644-1919
대구,대구이로운전문장례식장,대구광역시 달성군 다사읍 달구벌대로 893 (매곡리),053-584-0044
대구,군위농협장례식장,"대구광역시 군위군 군위읍 중앙길 165-6 (정리, 농협경제사업장)",054-383-2990
인천,인천삼성장례문화원,인천광역시 중구 우현로62번길 34-1 (경동),032-777-4445
인천,인하대병원장례식장,인천광역시 중구 인항로 27 (신흥동3가),032-890-3180
인천,예지장례식장,인천광역시 중구 개항로 82. 2층 (경동),032-766-6444
인천,인천기독병원장례식장,인천광역시 중구 답동로30번길 10 (율목동),032-765-4440
인천,인천광역시의료원 장례식장,인천광역시 동구 방축로 217 (송림동),032-580-6662
인천,청기와장례식장,인천광역시 동구 방축로177번길 23 (송림동),032-583-4444
인천,(유)금강장례식장,인천광역시 미추홀구 인주대로 452 (주안동),032-424-4455
인천,(유)성인천장례식장,인천광역시 미추홀구 석정로 6 (숭의동),032-891-4444
인천,송도하나장례문화원,인천광역시 미추홀구 아암대로253번길 36 (학익동),032-832-4443
인천,인천사랑병원장례식장,인천광역시 미추홀구 미추홀대로 726 (주안동),032-441-0404
인천,영산학원 시민장례식장,인천광역시 미추홀구 석정로64번길 22 (숭의동),032-889-4644
인천,더연수장례식장,인천광역시 연수구 벚꽃로 122 (연수동),032-819-1024
인천,인천적십자병원장례식장,인천광역시 연수구 원인재로 263 (연수동),032-822-1234
인천,인천가족공원장례식장,인천광역시 남동구 만월북로 115 (간석동),032-501-1925
인천,인천힘찬종합병원장례식장,"인천광역시 남동구 논현로 72,지하1층 (논현동)",032-421-3000
인천,길병원장례식장,인천광역시 남동구 인주대로653번길 56 (구월동),032-460-3444
인천,남동스카이장례식장,인천광역시 남동구 앵고개로697번길 41 (고잔동),032-424-1900
인천,인천성모장례식장,인천광역시 부평구 동수로 56 (부평동),032-517-0710
인천,에스엘 부평지점 세림병원 장례식장,인천광역시 부평구 부평대로 175 (청천동),032-523-8844
인천,근로복지공단 인천병원장례식장,"인천광역시 부평구 무네미로 446 (구산동, 인천중앙병원)",032-524-4444
인천,(주)세종병원장례식장,인천광역시 계양구 계양문화로 20 (작전동),032-240-8444
인천,쉴낙원 인천장례식장,인천광역시 계양구 아나지로 552 (서운동),032-548-1009
인천,청기와장례식장(계양점),인천광역시 계양구 아나지로 559 (서운동),032-546-4444
인천,보람새천년장례식장,인천광역시 계양구 아나지로 541 (서운동),032-552-3100
인천,한림병원장례식장,인천광역시 계양구 장제로 722B2층 (작전동),032-543-2444
인천,국제성모장례식장,인천광역시 서구 심곡로100번길 25 (심곡동),032-290-3501
인천,인천연세병원장례식장,"인천광역시 서구 승학로 320 (연희동, 연세병원)",032-561-1024
인천,보람인천장례식장,인천광역시 서구 경명대로 468 (경서동),032-568-4000
인천,검단탑병원장례식장,인천광역시 서구 청마로19번길 5 (당하동),032-565-4444
인천,온누리장례식장,인천광역시 서구 완정로 199 (왕길동),032-566-1919
인천,서해장례문화원,인천광역시 강화군 강화읍 중앙로74번길 10 (남산리),032-933-4463
인천,강화병원장례식장,인천광역시 강화군 강화읍 강화대로312번길 11 (갑곳리),032-933-0405
인천,참사랑장례식장,인천광역시 강화군 선원면 중앙로 271 (창리),032-932-4200
인천,비에스종합병원장례식장,"인천광역시 강화군 강화읍 충렬사로 31, 비에스종합병원 별관 (남산리)",032-216-4444
인천,강화장례식장,인천광역시 강화군 강화읍 중앙로74번길 16 (남산리),032-933-1024
광주,조선대학교병원장례식장,광주광역시 동구 필문대로 365 (서석동),062-220-3352
광주,전남대학교병원장례식장,"광주광역시 동구 제봉로 42 (학동, 전남대학교병원)",062-220-5049
광주,남도장례식장,광주광역시 동구 중앙로 283-1 (계림동),062-223-7715
광주,금호장례식장,광주광역시 동구 남문로 697 (학동),062-227-4000
광주,(주)천지문화원 (천지장례식장),광주광역시 서구 풍서좌로 173-1 (매월동),062-527-1000
광주,(유)브이아이피장례타운,광주광역시 서구 풍서좌로 237 (매월동),062-521-4444
광주,(주)광주국빈장례문화원,광주광역시 서구 회재로 825 (매월동),062-606-4000
광주,선한병원장례식장,"광주광역시 서구 무진대로 975, 지하 1층 (광천동)",02-575-4444
광주,(주)한국효려(한국병원장 례식장),광주광역시 서구 월드컵4강로 223 (쌍촌동),062-380-3444
광주,광주남문장례식장(주),광주광역시 남구 서문대로499번길 26-15 (송하동),062-675-5000
광주,광주기독병원장례식장,"광주광역시 남구 양림로 37 (양림동, 광주기독병원)",062-653-4400
광주,광주병원장례식장,"광주광역시 북구 면앙로139번길 51, 지하2층 (두암동)",062-260-7850
광주,성요한병원장례식장,"광주광역시 북구 태봉로 32 (유동, 천주의성요한병의원)",062-510-3005
광주,그린장례문화원주식회사,광주광역시 북구 하서로663번길 97 (용전동),062-250-4455
광주,구호전장례식장,광주광역시 북구 독립로 409 (우산동),062-960-4444
광주,일곡병원장례식장,광주광역시 북구 양일로 309 (일곡동),062-574-4445
광주,만평장례식장,광주광역시 광산구 임방울대로 24 (우산동),062-611-0000
광주,광주수완장례식장,광주광역시 광산구 수완로 6 (신가동),062-959-4444
광주,광주보훈병원장례식장,"광주광역시 광산구 첨단월봉로 99 (산월동, 광주보훈병원)",062-973-9164
광주,(주)스카이장례식장,광주광역시 광산구 북문대로 603 (수완동),062-951-1004
광주,신가병원장례식장,광주광역시 광산구 목련로 316 (신가동),062-962-4444
광주,하남성심병원장례식장,"광주광역시 광산구 용아로 259 (산정동, 하남성심병원)",062-954-4444
광주,송정장례식장,광주광역시 광산구 상무대로 364 (신촌동),062-941-4400
광주,송정사랑병원장례식장,광주광역시 광산구 송도로 232 (송정동),062-949-9444
광주,빛 장례식장,"광주광역시 광산구 상무대로 231 (송정동, 빛장례식장)",062-452-4000
대전,쉴낙원 남대전장례식장,대전광역시 동구 산서로1660번길 142 (대별동),042-285-4004
대전,한국병원장례식장,"대전광역시 동구 동서대로 1672 (성남동, 대전한국병원)",042-638-4440
대전,동부요양병원 장례식장,대전광역시 동구 동부로 150 (용운동),042-368-4000
대전,충남대학교병원장례식장,"대전광역시 중구 문화로 282 (대사동, 충남대학교병원)",042-280-8181
대전,평화원 장례식장,대전광역시 중구 대전천서로 745 (중촌동),042-531-4444
대전,대전성모병원장례식장,"대전광역시 중구 대흥로 64 (대흥동, 가톨릭대학교대전성모병원)",042-220-9870
대전,대전선병원장례식장,대전광역시 중구 목중로 29 (목동),042-253-4445
대전,시민장례식장,"대전광역시 중구 보문산로 359, 별관 (문화동)",042-253-4801
대전,성심장례식장,대전광역시 서구 갑천도시고속도로 1893 (월평동),042-522-4494
대전,대전장례식장,대전광역시 서구 갑천도시고속도로 1895 (월평동),042-522-4444
대전,쉴낙원 갈마성심장례식장,"대전광역시 서구 갈마로 45,지하1층 (갈마동)",042-533-4400
대전,건양대학교병원장례식장,대전광역시 서구 관저동로 158 (관저동),042-600-6666
대전,대청병원 장례식장,"대전광역시 서구 계백로 1322 (정림동, 대청병원)",042-587-4442
대전,대전을지대학교병원 장례식장,"대전광역시 서구 둔산서로 95 (둔산동, 을지대학병원)",042-611-3980
대전,나진장례식장,대전광역시 서구 갈마로 122 (괴정동),042-520-6690
대전,유성선병원장례식장,"대전광역시 유성구 북유성대로 93, B1층 (지족동)",042-825-9494
대전,유성한가족병원장례식장,대전광역시 유성구 온천동로 43 (봉명동),042-611-9700
대전,대전보훈병원장례식장,대전광역시 대덕구 대청로82번길 147 (신탄진동),042-933-4446
대전,근로복지공단대전병원 장례식장,"대전광역시 대덕구 계족로 637 (법동, 근로복지공단대전병원)",042-628-4440
울산,보람세민에스장례식장,울산광역시 중구 내황4길 11 보람세민에스장례식장 (반구동),052-285-3905
울산,소다미(주)동강병원장례 식장,"울산광역시 중구 태화로 240 지하1,2층 (태화동, 동강병원남관)",052-241-1440
울산,세민병원장례식장,"울산광역시 중구 학성로 184, B1층 (학성동, 울산세민병원)",052-293-4445
울산,제일병원장례식장,"울산광역시 남구 남산로354번길 26 (신정동, 제일병원)",052-265-1005
울산,국민요양병원장례식장,울산광역시 남구 번영로 15 (야음동),052-269-0119
울산,중앙병원장례예식장,"울산광역시 남구 문수로480번길 10 (신정동, 중앙병원)",052-260-1006
울산,울산영락원,"울산광역시 남구 산업로517번길 10 (여천동, 울산영락원장례식장)",052-272-1111
울산,좋은삼정병원장례식장,울산광역시 남구 북부순환도로 51 (무거동),052-220-7799
울산,굿모닝병원장례식장,울산광역시 남구 삼산로 110 (달동),052-256-7444
울산,울산병원장례식장,울산광역시 남구 월평로171번길 19 (신정동),052-227-1024
울산,울산국화원장례식장,울산광역시 남구 산업로 88 (상개동),052-269-4444
울산,울산대학교병원장례식장,"울산광역시 동구 대학병원로 25 (전하동, 울산대학교병원)",052-250-8444
울산,울산시티병원장례식장,울산광역시 북구 산업로 1001,052-280-8400
울산,울산전문장례식장,울산광역시 북구 산업로 1023,052-242-4444
울산,울산하늘공원 장례식장,울산광역시 울주군 삼동면 보삼길 550 (조일리),052-255-3800
울산,언양병원장례식장,울산광역시 울주군 삼남면 반구대로 785 (교동리),052-264-9787
울산,서울산국화원장례식장,울산광역시 울주군 삼남면 중평로 53 (교동리),052-254-0444
세종,은하수공원장례식장,"세종특별자치시 정안세종로 1527,은하수공원 (산울동)",044-850-1350
세종,세종충남대학교병원 쉴낙원장례식장,세종특별자치시 보듬7로 20 세종충남대학교병원 (아름동),044-863-4444
세종,한마음효병원장례식장,세종특별자치시 조치원읍 금이로 53-11 (신안리),044-868-3700
세종,조치원장례식장,세종특별자치시 연서면 당산로 494-8 (월하리),044-866-4800
세종,중앙장례식장,"세종특별자치시 조치원읍 섭골길 37 (서창리, 중앙요양병원)",044-865-4441
세종,세종연서농협장례식장,세종특별자치시 연서면 함박로 300 (국촌리),044-866-4444
제주,제주대학교병원장례식장,"제주특별자치도 제주시 아란13길 15 (아라일동, 제주대학병원)",064-717-2900
제주,혼길장례식장,제주특별자치도 제주시 공항서로 131,064-744-1245
제주,그랜드부민장례식장,제주특별자치도 제주시 연북로 378 (도남동),064-742-5000
제주,하귀농협장례식장,제주특별자치도 제주시 애월읍 애조로 405 (광령리),064-798-8800
제주,그랜드중앙장례식장,제주특별자치도 제주시 월랑로 91 (이호이동),064-721-1000
제주,제주그린장례식장,제주특별자치도 제주시 조천읍 함덕남2길 19-10 (함덕리),064-784-4114
제주,한림정낭장례예식장,제주특별자치도 제주시 한림읍 명랑로 76 (한림리),064-796-9644
제주,김녕농협 장례문화센터,제주특별자치도 제주시 구좌읍 김송로 102 (김녕리),064-783-6511
제주,우선종합(주)장례식장,제주특별자치도 제주시 조천읍 함덕남2길 14 (함덕리),064-727-4444
제주,서귀포의료원장례식장,제주특별자치도 서귀포시 장수로 47 (동홍동),064-730-3710
경기,성빈센트병원 장례식장,경기도 수원시 팔달구 중부대로 93(지동),031-249-8444
경기,수원시연화장장례식장,경기도 수원시 영통구 광교호수로 278 (하동),031-218-6560
경기,아주대학병원장례식장,경기도 수원시 영통구 광교중앙로49번길 46 (원천동),031-219-6654
경기,(주)중앙병원장례식장,경기도 수원시 권선구 권선로 654 (권선동),031-231-8888
경기,수원요양병원장례식장,경기도 수원시 영통구 매영로 229 (원천동),031-640-9797
경기,동수원장례식장,"경기도 수원시 팔달구 권광로367번길 77, B1층 (우만동, 동수원한방병원)",031-213-1640
경기,경기도의료원 수원병원장례식장,경기도 수원시 장안구 수성로245번길 69 (정자동),031-888-0114
경기,한독병원장례식장,경기도 수원시 팔달구 경수대로 487 (인계동),031-212-4444
경기,성남시의료원장례식장,"경기도 성남시 수정구 수정로171번길 10 (태평동, 성남시의료원)",031-738-7450
경기,태평서울병원소망장례식 장,"경기도 성남시 수정구 성남대로 1219 (수진동, 새소망병원)",031-751-3344
경기,성남시장례협동조합,경기도 성남시 중원구 순암로 800 (갈현동),031-752-0404
경기,분당차병원장례식장,"경기도 성남시 분당구 야탑로 59 (야탑동, 분당차병원)",031-780-6170
경기,분당서울대학교병원 장례식장,"경기도 성남시 분당구 구미로173번길 82 (구미동, 분당서울대병원)",031-787-1500
경기,성남중앙병원장례식장,경기도 성남시 중원구 산성대로476번길 12 (금광동),031-799-5200
경기,주식회사 분당제생병원장례식장,"경기도 성남시 분당구 서현로180번길 20 (서현동, 분당제생병원)",031-708-4444
경기,성모장례식장,경기도 성남시 분당구 새나리로 13 (야탑동),031-709-0404
경기,의정부성모장례식장,"경기도 의정부시 천보로 271 (금오동, 의정부성모병원)",031-820-3468
경기,의정부을지대학교병원,"경기도 의정부시 동일로 712,평온관 (금오동, 을지대학교의정부캠퍼스및부속병원)",031-951-7444
경기,추병원장례식장,경기도 의정부시 평화로 650 (의정부동),031-844-4442
경기,보람의정부장례식장,"경기도 의정부시 추동로 253, B1층 (신곡동)",031-851-4444
경기,의정부장례예식장,경기도 의정부시 체육로 113-18 (녹양동),031-871-4444
경기,백병원장례식장,경기도 의정부시 금신로 322 (신곡동),031-844-4450
경기,경기도의료원 의정부병원장례식장,"경기도 의정부시 흥선로 142 (의정부동, 경기도의정부의료원)",031-828-5444
경기,중앙병원장례식장,경기도 의정부시 평화로 609 (의정부동),031-847-4444
경기,연세장례식장,"경기도 의정부시 호국로 1342 지하1층,2층 (의정부동)",031-848-4545
경기,자미원스카이장례식장,"경기도 의정부시 호국로 1342. 9,10층 (의정부동, 의정부요양병원)",031-840-4444
경기,샘안양병원장례식장,"경기도 안양시 만안구 삼덕로 9,613-8 (안양동, 안양샘병원)",031-467-9114
경기,안양장례식장,경기도 안양시 동안구 엘에스로144번길 190 (호계동),031-456-5555
경기,한림대성심병원장례식장,"경기도 안양시 동안구 관평로170번길 22 (평촌동, 한림대성심병원)",031-382-5004
경기,안양메트로병원장례식장,"경기도 안양시 만안구 명학로33번길 8 (안양동, 메트로병원)",031-449-9000
경기,부천성모병원장례식장,"경기도 부천시 원미구 소사로 327 (소사동, 가톨릭대부천성모병원)",032-340-7300
경기,부천시민장례식장,경기도 부천시 원미구 장말로372번길 15 (심곡동),032-666-4440
경기,순천향부천장례식장,"경기도 부천시 원미구 조마루로 170 (중동, 순천향대학교부천병원)",032-327-3060
경기,휴앤유병원장례식장,경기도 부천시 소사구 심곡로10번길 63 (송내동),032-662-1024
경기,세종병원장례식장,"경기도 부천시 소사구 호현로489번길 28 (소사본동, 세종병원)",032-346-1164
경기,다니엘병원장례식장(구 늘푸른장례식장),경기도 부천시 원미구 중동로 361 (약대동),032-678-4242
경기,뉴대성병원장례식장(구 DS병원장례식장),"경기도 부천시 부흥로 377 (심곡동, DS병원)",032-666-1002
경기,부천장례식장,경기도 부천시 원미구 원미로 213 (춘의동),032-651-0444
경기,중앙대학교광명병원장례 식장,"경기도 광명시 덕안로 110, 중앙대학교 광명병원 B2층 (일직동)",02-2610-9472
경기,광명성애병원장례식장,경기도 광명시 디지털로 36 (철산동),02-2684-4444
경기,예지원장례식장,"경기도 광명시 광명로 844, B1층 (광명동, 예지원요양병원)",02-2060-4444
경기,안중장례문화센타,"경기도 평택시 안중읍 서동대로 1931-11 (금곡리, 안중백병원)",031-683-4440
경기,제일장례식장,경기도 평택시 삼봉로 30 (독곡동),031-611-1144
경기,교원예움 평택장례식장,"경기도 평택시 신평로 205, (구)평택장례문화원 (군문동)",031-652-0404
경기,중앙장례식장,경기도 평택시 경기대로 931 (장당동),031-666-3400
경기,금성장례식장(휴업),경기도 평택시 진위면 남부대로 655 (동천리),031-664-4444
경기,송탄장례식장,경기도 평택시 오리곡길 30 (독곡동),031-611-4488
경기,농협연합장례식장,경기도 평택시 오성면 서동대로 2427-28 (안화리),031-684-6444
경기,송탄중앙병원장례식장,"경기도 평택시 오좌동길 17-16 (독곡동, 송탄중앙병원)",031-611-7600
경기,서정리장례식장,경기도 평택시 정암로 78-14 (이충동),031-646-2000
경기,평택이편안장례문화원,"경기도 평택시 안중읍 서동대로 1831-16 (금곡리, 평택의료시설)",031-681-0444
경기,이담장례식장,경기도 동두천시 삼육사로 747 (상패동),031-866-7300
경기,동두천중앙성모장례식장,경기도 동두천시 동광로 53 (생연동),031-862-4949
경기,예드림장례식장,경기도 동두천시 강변로 422 (생연동),031-868-4440
경기,동두천장례식장,경기도 동두천시 평화로 2972 (상봉암동),031-861-0044
경기,고려대안산병원장례식장,"경기도 안산시 단원구 적금로 123 (고잔동, 고려대학병원)",031-411-4441
경기,(주)코스모스제일장례식 장,경기도 안산시 상록구 수인로 1222 (일동),031-406-2000
경기,군자장례식장(안산시민 장례문화원),경기도 안산시 단원구 원곡공원로 11-9 (원곡동),031-495-4000
경기,한도병원장례식장,경기도 안산시 단원구 선부광장로 103 (선부동),031-485-4422
경기,한사랑병원장례문화센타,경기도 안산시 상록구 광덕1로 345 (이동),031-439-4444
경기,안산온누리병원장례식장,경기도 안산시 단원구 선부로 201 (선부동),031-487-4444
경기,국화향기,경기도 안산시 상록구 구룡로 87 (일동),031-501-4646
경기,사랑의병원장례식장,경기도 안산시 상록구 예술광장로 69 (성포동),031-437-4000
경기,세화병원장례식장,경기도 안산시 상록구 용신로 355 (본오동),031-501-4444
경기,플러스단원병원장례문화 원,"경기도 안산시 단원구 원포공원로 10,지상1.2.3층 (초지동)",031-410-4444
경기,안산장례식장,경기도 안산시 상록구 선진안길 33 (사동),031-419-4400
경기,안산중앙요양병원장례식 장,"경기도 안산시 단원구 고잔로 134 (고잔동, 안산중앙요양병원)",031-403-4440
경기,일산백장례서비스㈜,"경기도 고양시 일산서구 주화로 170, 일산백병원 B2층 (대화동)",031-910-7444
경기,동국대학교일산장례식장,"경기도 고양시 일산동구 동국로 27 (식사동, 동국대학교일산병원)",031-961-9400
경기,원당장례식장(주)고양베 스트,경기도 고양시 덕양구 고양대로 1359-5 (성사동),031-965-4444
경기,일산복음병원장례식장,"경기도 고양시 일산동구 고양대로 760, 나동 B1층 (중산동, 일산복음병원)",031-977-6000
경기,주식회사 헤븐앤어스,"경기도 고양시 덕양구 화수로14번길 55, 명지병원 B1층 (화정동)",031-810-5444
경기,국민건강보험공단일산병 원장례식장,"경기도 고양시 일산동구 일산로 100 (백석동, 국민건강보험공단일산병원)",031-900-0444
경기,쉴낙원 일산장례식장,"경기도 고양시 일산동구 백마로 62 (장항동, 일산쉴낙원)",031-923-7000
경기,베스트장례식장,경기도 고양시 일산서구 경의로 816-1 (덕이동),031-924-4444
경기,원당연세장례식장,경기도 고양시 덕양구 고양대로 1359 (성사동),031-966-4444
경기,원진녹색병원장례식장,경기도 구리시 동구릉로 65 (인창동),031-552-5119
경기,한양대학교구리병원장례 식장,"경기도 구리시 경춘로 153 (교문동, 한양대학교구리병원)",031-566-2040
경기,윤서병원장례식장,경기도 구리시 건원대로99번길 123 (인창동),031-562-4444
경기,나눔병원장례식장,"경기도 남양주시 오남읍 진건오남로797번길 9 (양지리, 우리병원)",031-574-4442
경기,백년장례문화원,경기도 남양주시 마치로 90 (호평동),031-594-4444
경기,남양주장례식장(구 남양동산),경기도 남양주시 진건읍 진건오남로 458 (송능리),031-528-4444
경기,남양주한양병원장례식장,"경기도 남양주시 오남읍 양지로 47-55 (오남리, 남양한양병원)",031-529-4440
경기,원병원장례식장,"경기도 남양주시 화도읍 경춘로 1943-16 (창현리, 원병원)",031-511-9944
경기,남양주혜성병원장례식장,"경기도 남양주시 경춘로1308번길 4,B1층 (평내동)",031-594-4442
경기,오산장례문화원,경기도 오산시 경기동로 125 (부산동),031-375-1100
경기,오산한국병원장례식장,"경기도 오산시 밀머리로1번길 16 (원동, 오산한국병원)",031-375-7600
경기,쉴낙원 오산동탄장례식장,"경기도 오산시 경기대로658번길 30 (내삼미동, 오산동탄쉴낙원)",031-966-1009
경기,시흥장례원,경기도 시흥시 서해안로 586 (정왕동),031-434-4114
경기,시흥누리병원장례식장,경기도 시흥시 수인로3325번길 5 (신천동),031-404-4444
경기,신천제일병원장례식장,경기도 시흥시 호현로10번길 7-1 (신천동),031-318-9444
경기,신천연합병원장례식장,경기도 시흥시 복지로 57 (대야동),031-310-6440
경기,시흥우리장례식장,경기도 시흥시 평안상가5길 19 (정왕동),031-433-5444
경기,시화병원장례식장,"경기도 시흥시 군자천로 381-1 (정왕동, 시화병원)",031-431-4444
경기,센트럴병원장례식장,"경기도 시흥시 공단1대로 237 (정왕동, 센트럴병원)",031-434-4466
경기,학교법인영산학원 산본장례식장,"경기도 군포시 산본로 321 (산본동,원광대산본병원)",031-395-4438
경기,지샘병원장례식장,경기도 군포시 군포로 591 (당동),031-389-3000
경기,시티병원장례식장,경기도 의왕시 오전천로 29 (오전동),031-459-7575
경기,다사랑중앙병원장례식장,경기도 의왕시 등칙골1길 22 (오전동),031-427-4440
경기,하남시 마루공원(장례식장),"경기도 하남시 하남대로545번길 22-30 (천현동, 종합공설장사시설)",031-795-2222
경기,쉴낙원 경기장례식장,"경기도 용인시 수지구 포은대로 836 (죽전동, 용인쉴낙원)",031-672-1009
경기,연세대학교 용인장례식장,경기도 용인시 기흥구 동백죽전대로 363 (중동),031-678-7600
경기,보정장례식장,"경기도 용인시 기흥구 용구대로2469번길 136 (보정동, 보정장례문화센타)",031-276-4001
경기,용인제일메디장례식장,"경기도 용인시 처인구 포곡읍 포곡로210번길 21-11, B1층 (둔전리)",031-332-4444
경기,용인평온의숲 장례식장,"경기도 용인시 처인구 이동면 평온의숲로 77 (어비리, 용인평온의숲)",031-329-5959
경기,다보스병원장례식장(영 문의료재단),"경기도 용인시 처인구 백옥대로1082번길 18, B1층 (김량장동, 다보스종합병원)",031-323-4444
경기,(주)기흥장례식장,경기도 용인시 기흥구 하갈로 17 (하갈동),031-275-4444
경기,용인서울병원장례식장,경기도 용인시 처인구 고림로 81 (고림동),031-323-4000
경기,용인시민장례문화원,"경기도 용인시 처인구 양지면 중부대로 1978-24 (남곡리, 용인시민장례문화원)",031-334-4444
경기,파주 한빛병원 장례식장,"경기도 파주시 탄현면 평화로574번길 17 (갈현리, 파주성모병원)",031-941-4444
경기,한사랑요양병원장례식장,경기도 파주시 파주읍 통일로 1568 (봉서리),031-953-7900
경기,교하장례식장,"경기도 파주시 하지석길 45, B1층 (교하동)",031-944-4449
경기,광탄현대병원장례식장,"경기도 파주시 광탄면 큰여울길 20-16 (신산리, 광탄병원)",031-947-8833
경기,예담장례식장,경기도 파주시 문산읍 화석정로 31 (선유리),031-959-4444
경기,쉴낙원 파주운정장례식장,"경기도 파주시 하늘채길 35, (하지석동, 쉴낙원 파주운정장례식장)",031-957-4444
경기,메디인병원장례식장,경기도 파주시 금릉역로 190 (금촌동),031-570-9093
경기,파주보람장례식장,경기도 파주시 월롱면 통일로 715-2 (영태리),031-947-9444
경기,문산장례문화원,"경기도 파주시 문산읍 통일로 1677 (문산리, 문산장례문화원)",031-954-4444
경기,경기도의료원 파주병원장례식장,경기도 파주시 중앙로 207 (금촌동),031-940-9370
경기,경기도의료원 이천병원장례식장,경기도 이천시 경충대로 2742 (관고동),031-630-4444
경기,효자원장례식장,경기도 이천시 백사면 지읍로 169 (조읍리),031-631-4411
경기,송산장례식장,경기도 이천시 장호원읍 서동대로 8579 (송산리),031-641-4440
경기,장호원장례식장,"경기도 이천시 장호원읍 샘재로145번길 41 (장호원리, 장호원성모요양병원)",031-641-2660
경기,하늘공원장례식장,"경기도 이천시 대월면 경충대로 1557 (장평리, 하늘공원장례식장)",031-636-3900
경기,성혜원장례식장,"경기도 안성시 남파로 169, B1층 (당왕동, 안성성요셉병원)",031-671-6500
경기,동일죽장례식장,"경기도 안성시 일죽면 서동대로 7866 (당촌리, 동일죽장례식장)",031-674-4446
경기,동인병원장례식장,경기도 안성시 인지1길 15 (인지동),031-671-4494
경기,공도장례식장(영화원),경기도 안성시 원곡면 기업단지로 271 (반제리),031-652-2100
경기,도민장례식장,경기도 안성시 공도읍 서동대로 4012 (승두리),031-692-4444
경기,아너스힐병원장례식장,"경기도 김포시 통진읍 흥신로 320-10 (도사리, 제이에스병원)",031-989-4404
경기,쉴낙원 김포장례식장,"경기도 김포시 승가로58번길 7 (풍무동, 김포쉴낙원)",031-449-1009
경기,뉴고려병원장례식장,경기도 김포시 김포한강3로 283 (장기동),031-998-4415
경기,우리병원장례예식장,경기도 김포시 감암로 11 (걸포동),031-999-1444
경기,마송장례식장,경기도 김포시 통진읍 김포대로 2110-44 (도사리),031-988-2277
경기,(재)하늘가장례식장,경기도 화성시 향남읍 발안로 322 (관리),031-366-4444
경기,교원예움 화성장례식장,경기도 화성시 마도면 쌍송북로 111 (두곡리),031-355-8000
경기,화성함백산장례식장,"경기도 화성시 매송면 서해로 2448-32, 화성시함백산장례식장",031-293-4244
경기,봉담장례문화원,경기도 화성시 봉담읍 서봉산길 40 (유리),031-278-0404
경기,화성중앙종합병원장례식 장,"경기도 화성시 향남읍 발안로 5 (평리, 화성중앙병원)",031-352-4483
경기,원광종합병원장례식장,경기도 화성시 화산북로 21 (송산동),031-226-4444
경기,송산장례문화원,경기도 화성시 송산면 화성로 284 (육일리),031-357-9800
경기,효원장례문화센타,경기도 화성시 정조로 107 (반정동),031-222-0999
경기,화성유일병원장례식장,경기도 화성시 남양읍 남양로920번길 6 (북양리),031-355-4744
경기,한림대동탄성심병원장례 식장,"경기도 화성시 큰재봉길 7 (석우동, 한림대학교동탄성심병원)",031-8003-4410
경기,화성현대장례문화원,경기도 화성시 우정읍 남양만로 662 (이화리),031-379-6040
경기,조암장례식장,경기도 화성시 장안면 사랑리 432-2,02-358-4448
경기,오포장례식장,경기도 광주시 오포읍 오포로 225-7 (능평리),031-797-0444
경기,삼육병원장례식장,경기도 광주시 초월읍 경수길 25 (지월리),031-760-3644
경기,곤지암장례식장,경기도 광주시 곤지암읍 경충대로 811-22 (삼리),031-766-5544
경기,경안장례식장,경기도 광주시 경충대로 1744 (역동),031-769-0444
경기,곤지암농협장례문화원,경기도 광주시 곤지암읍 경충대로 784-64 (삼리),031-798-9750
경기,회천농협장례문화원,경기도 양주시 평화로 1861 (회정동),031-864-4444
경기,양주한국병원장례문화원 주식회사,경기도 양주시 화합로 1489 (고암동),031-928-7444
경기,양주장례문화원,경기도 양주시 평화로1357번길 8 (덕계동),031-863-4444
경기,광적장례식장,경기도 양주시 광적면 부흥로 887 (가납리),031-876-4449
경기,큰길장례문화원,경기도 양주시 광적면 부흥로 955-13(가납리),031-872-4444
경기,양주소망장례식장,경기도 양주시 평화로 1741 (회정동),031-866-4444
경기,양주예쓰병원 장례식장,경기도 양주시 회정로109번길 7-20 (덕정동),031-859-0444
경기,메디힐장례식장,경기도 포천시 신북면 청신로 2139 (기저리),031-534-4401
경기,포천장례문화원(주),경기도 포천시 호국로 908-13 (설운동),031-541-4144
경기,우리병원장례식장,경기도 포천시 소흘읍 호국로 661 (송우리),031-542-0444
경기,관인농협장례식장,경기도 포천시 관인면 창동로 1875 (탄동리),031-533-9086
경기,경기도의료원 포천병원장례식장,경기도 포천시 포천로 1648 (신읍동),031-539-9446
경기,영북농협장례식장,경기도 포천시 영북면 호국로 3761 (문암리),031-532-0832
경기,금강산장례문화원,경기도 포천시 일동면 금강로 4641 (수입리),031-534-4442
경기,여주장례식장,경기도 여주시 세종대왕면 중부대로 2710-48 (능서면 왕대리 981-7) (왕대리),031-885-1919
경기,여주시민장례문화원,경기도 여주시 칠산길 28-8 (상동),031-882-1000
경기,가남베스트장례식장,경기도 여주시 가남읍 경충대로961번길 2-15 (은봉리),031-882-1024
경기,세종여주병원장례식장,"경기도 여주시 청심로 39 (하동, 세종여주병원)",031-886-4496
경기,한국장례문화원(여주 국빈 장례식장),경기도 여주시 여양로 388-13 (오학동),031-885-4400
경기,전곡효사랑병원장례식장,경기도 연천군 전곡읍 평화로 525 (전곡리),031-832-4444
경기,연천군장례식장,"경기도 연천군 전곡읍 은대성로 95 (은대리, 연천군보건의료원)",031-832-4474
경기,가평연새장례식장,경기도 가평군 청평면 경춘로 1219 (상천리),031-585-6700
경기,가평군농협효문화센터,경기도 가평군 가평읍 경춘로 1775 (상색리),031-581-4442
경기,양서농협장례문화원,경기도 양평군 양서면 두물머리길 24 (양수리),031-771-1900
경기,양수삼성장례식장,"경기도 양평군 양서면 양수로 149-2 (양수리, 양수삼성요양병원)",031-771-4447
경기,효병원장례식장,경기도 양평군 용문면 다문북길 16 (다문리),031-774-4461
경기,양평병원장례식장,경기도 양평군 양평읍 중앙로 129 (공흥리),031-775-4444
경기,용문장례식장,경기도 양평군 용문면 경강로 3303 (광탄리),031-773-4321
경기,별그리다(사담재),"경기도 양평군 양동면 양동금곡1길 331 (삼산리, 양평공원묘원)",031-333-1111
경기,양평장례식장,경기도 양평군 양평읍 중앙로111번길 52 (공흥리),031-772-1024
경기,양평 갈월장례식장,경기도 양평군 양평읍 충신로324번길 64 (창대리),031-774-6066
강원,호반병원장례식장,강원특별자치도 춘천시 옛경춘로 663 (삼천동),033-252-0046
강원,교원예움 강원장례식장,강원특별자치도 춘천시 동내면 순환대로 877 (거두리),033-261-4441
강원,강원대학교병원장례식장,강원특별자치도 춘천시 백령로 156 (효자동),033-254-5611
강원,춘천장례식장,강원특별자치도 춘천시 동면 소양강로 409 (장학리),033-256-4444
강원,연세대학교 원주장례식장,"강원특별자치도 원주시 일산로 20,내 (일산동, 연세대학교원주세브란스기독병원)",033-744-3969
강원,(주)서원 바른장례식장,강원특별자치도 원주시 판부면 치악로 1133 (금대리),033-735-4444
강원,원주의료원장례식장,"강원특별자치도 원주시 서원대로 387 (개운동, 강원도원주의료원)",033-760-4644
강원,고색의료재단 장례식장,강원특별자치도 원주시 북원로 2636 (태장동),033-732-4670
강원,수장례식장,"강원특별자치도 원주시 문막읍 원문로 1419 (동화리, 연세메디하임병원)",033-745-4440
강원,효담삼산병원장례식장,강원특별자치도 원주시 혁신로 5 (반곡동),033-733-4444
강원,하늘원장례예식장,강원특별자치도 원주시 흥업면 사제로 539 (사제리),033-763-4444
강원,강릉아산병원장례식장,"강원특별자치도 강릉시 사천면 방동길 38 (방동리,강릉아산병원)",033-610-3895
강원,더원실업 우란장례식장,강원특별자치도 강릉시 옥가로 30 (옥천동),033-649-0135
강원,강원도강릉의료원장례식 장,"강원특별자치도 강릉시 경강로 2007,강릉의료원 (남문동)",033-610-1444
강원,강릉아나병원장례식장,강원특별자치도 강릉시 용지로 129 (옥천동),033-641-7100
강원,강릉동인병원장례식장,강원특별자치도 강릉시 강릉대로419번길 42 (포남동),033-650-6165
강원,주문진장례식장,강원특별자치도 강릉시 주문진읍 연주로 448-5 (주문리),033-662-4440
강원,중앙장례식장,강원특별자치도 동해시 효자로 748 (송정동),033-521-3700
강원,금강병원장례식장,강원특별자치도 동해시 동해대로 5143 (효가동),033-521-4443
강원,동해전문장례식장,강원특별자치도 동해시 중앙로 199 (천곡동),033-531-4740
강원,동해동인병원장례식장,"강원특별자치도 동해시 하평로 26 (평릉동, 동인병원)",033-530-0441
강원,동해병원장례식장,"강원특별자치도 동해시 하평로 11 (평릉동, 산재의료관리원동해병원)",033-535-3001
강원,근로복지공단 태백병원장례식장,"강원특별자치도 태백시 보드미길 8 (장성동, 근로복지공단태백병원)",033-581-4444
강원,태백문화장례식장,강원특별자치도 태백시 고원로 249 (황지동),033-552-4444
강원,강원특별자치도 속초의료원 장례식장,"강원특별자치도 속초시 영랑호반길 3 (영랑동, 속초의료원)",033-630-6016
강원,속초동해장례식장,강원특별자치도 속초시 중앙로 7 (교동),033-633-3964
강원,속초보광병원장례식장,"강원특별자치도 속초시 중앙로 11 (교동, 속초보광병원)",033-633-7444
강원,삼척의료원장례식장,강원특별자치도 삼척시 오십천로 418 (남양동),033-572-1141
강원,주식회사하늘정원장례식 장,"강원특별자치도 삼척시 강원남부로 4539 (등봉동, 하늘정원장례식장)",033-575-4441
강원,도계장례식장,"강원특별자치도 삼척시 도계읍 도계로3길 16-25 (전두리, 도계장례식장)",033-541-6250
강원,홍천군장례식장,강원특별자치도 홍천군 홍천읍 느리울길 70 (하오안리),033-436-1919
강원,쉴낙원 홍천장례문화원,강원특별자치도 홍천군 홍천읍 설악로 2374 (와동리),033-434-7788
강원,홍천아산병원장례식장,강원특별자치도 홍천군 홍천읍 산림공원1길 17 (갈마곡리),033-430-5420
강원,서석장례식장,강원특별자치도 홍천군 서석면 풍암길2길 30 (풍암리),033-430-4558
강원,대성장례센터,강원특별자치도 횡성군 횡성읍 횡성로 273 (입석리),033-343-1444
강원,횡성삼성병원장례식장,"강원특별자치도 횡성군 횡성읍 삼일로81번길 40(읍하리, 횡성삼성병원)",033-342-4444
강원,횡성장례문화센터,강원특별자치도 횡성군 횡성읍 학오로 56 (학곡리),033-344-4449
강원,강원특별자치도 영월의료원장례식장,"강원특별자치도 영월군 영월읍 중앙1로 59 (영흥리, 영월의료원)",033-370-9142
강원,영월장례식장,강원특별자치도 영월군 영월읍 영월로 2360-6 (연하리),033-374-5354
강원,평창장례식장,"강원특별자치도 평창군 평창읍 종부로 61 (종부리, 평창군보건의료원)",033-339-9033
강원,진부장례식장,강원특별자치도 평창군 진부면 오대천로 1958-21 (하진부리),033-339-9035
강원,정선장례식장,"강원특별자치도 정선군 정선읍 서동로 1277 (덕송리, 정선장례식장)",033-562-4444
강원,정선병원장례식장,강원특별자치도 정선군 정선읍 봉양1길 145 (봉양리),033-562-4440
강원,정선군사북장례식장,"강원특별자치도 정선군 사북읍 지장천로 727,정선군사북장례식장 (사북리, 정선군립병원)",033-592-4449
강원,김화장례문화원,강원특별자치도 철원군 서면 와수로 13 (와수리),033-458-0010
강원,철원장례문화원,강원특별자치도 철원군 동송읍 금학로157번길 23-17 (이평리),033-546-4444
강원,철원병원장례식장,강원특별자치도 철원군 갈말읍 명성로 208 (군탄리),033-452-0044
강원,화천군공설장례식장,"강원특별자치도 화천군 하남면 영서로 5697-66(원천리, 화천장례식장)",033-442-0452
강원,양구군장례식장,강원특별자치도 양구군 양구읍 금강산로 518-25 (하리),033-480-2576
강원,인제장례식장,"강원특별자치도 인제군 북면 금강로 210 (월학리, 인제장례식장)",033-461-1444
강원,하늘내린도리안,"강원특별자치도 인제군 남면 자작나무숲길 444-62(남전리, 하늘내린도리안공원)",033-461-0404
강원,고성장례식장,강원특별자치도 고성군 죽왕면 향목서길 9 (향목리),033-682-5000
강원,양양장례문화원,강원특별자치도 양양군 양양읍 양양로 9-1 (연창리),033-671-0404
충북,청주성모병원 장례식장,충청북도 청주시 청원구 주성로 173-19 (주중동),043-210-5444
충북,청주의료원장례식장,충청북도 청주시 서원구 흥덕로 48 (사직동),043-279-0144
충북,하나장례식장,충청북도 청주시 서원구 대림로 431 (죽림동),043-270-8400
충북,청주시장례식장,충청북도 청주시 상당구 목련로 731 (월오동),043-291-4444
충북,청주탑요양병원장례식장,충청북도 청주시 서원구 궁뜰로 16 (미평동),043-296-9696
충북,초정유진장례식장,충청북도 청주시 청원구 내수읍 우산길 91 (우산리),043-213-0030
충북,충북대학교병원장례식장,"충청북도 청주시 서원구 1순환로 776 (개신동, 충북대학교병원)",043-269-6969
충북,효성병원 장례식장,충청북도 청주시 청원구 2순환로94번길 21 (율량동),043-241-4444
충북,참사랑병원장례식장,충청북도 청주시 서원구 청남로 1910 (미평동),043-298-9200
충북,초정장례식장,"충청북도 청주시 청원구 내수읍 우산길 93, 1,2층 (우산리)",043-213-0030
충북,충주병원장례식장(주),충청북도 충주시 중심1길 12 (문화동),043-845-5100
충북,새로운장례식장,"충청북도 충주시 중심3길 5 (문화동, 새로운병원장례식장)",043-853-9300
충북,충주의료원장례식장,충청북도 충주시 안림로 239-50 (안림동),043-871-0444
충북,건국대학교충주병원장례 식장,충청북도 충주시 국원대로 82 (교현동),043-840-8444
충북,충주기독장례식장,충청북도 충주시 성남2길 7 (성남동),043-844-4460
충북,탄금장례식장,충청북도 충주시 탄금대로 336 (칠금동),043-842-4444
충북,충주영광장례식장(충주시 민장례식장),충청북도 충주시 두루봉길 8 (목행동),043-845-4444
충북,송원장례문화원,충청북도 충주시 주덕읍 신양로 62 (신양리),043-724-2211
충북,제천서울병원장례식장,"충청북도 제천시 숭문로 57 (서부동, 서울병원)",043-644-4422
충북,명지병원장례식장,"충청북도 제천시 내토로 993 (고암동, 제천병원장례식장)",043-651-4440
충북,제천세종장례식장,충청북도 제천시 송학주천로 46 (고암동),043-642-4441
충북,제천제일장례식장,충청북도 제천시 내토로10길 21 (천남동),043-645-4114
충북,송학주천장례식장,충청북도 제천시 송학주천로 97-1 (고암동),043-653-4444
충북,제천노인병원장례식장,충청북도 제천시 북부로13길 94 (천남동),043-640-6144
충북,보은농협장례식장,충청북도 보은군 보은읍 남부로 4305 (금굴리),043-543-3360
충북,금강장례식장,충청북도 보은군 보은읍 남부로 4693 (강산리),043-543-0002
충북,보은장례식장,충청북도 보은군 보은읍 보청대로 1469-36 (길상리),043-544-0028
충북,보은요양병원장례식장,충청북도 보은군 수한면 후평바리미길 31 (후평리),043-542-4440
충북,보은성모병원장례식장,충청북도 보은군 보은읍 뱃들로 53 (이평리),043-544-7444
충북,옥천농협장례식장,충청북도 옥천군 옥천읍 옥천로 1720 (대천리),043-731-4443
충북,옥천성모장례식장,"충청북도 옥천군 옥천읍 성왕로 1195 (문정리, 옥천성모병원)",043-730-7444
충북,영동병원장례식장,"충청북도 영동군 영동읍 대학로 106 (설계리, 영동병원)",043-743-4499
충북,영동장례식장,충청북도 영동군 영동읍 난계로 804-46 (오탄리),043-744-0454
충북,영동제일장례식장,"충청북도 영동군 양강면 양정죽촌로 53-9 (양정리, 장례식장)",043-744-1144
충북,증평현대장례식장,충청북도 증평군 증평읍 중부로 2465 (송산리),043-838-0003
충북,의)증평휴장례식장,충청북도 증평군 증평읍 중앙로 114지하1층 (초중리),043-838-6663
충북,증평장례문화원,충청북도 증평군 증평읍 하평로 55-27 (미암리),043-838-9936
충북,증평대한장례식장,충청북도 증평군 증평읍 인삼로 323 (미암리),043-836-7002
충북,진천제일장례식장,충청북도 진천군 진천읍 진광로 190 (송두리),043-537-4441
충북,진천장례식장,충청북도 진천군 진천읍 백곡로 1451-30 (장관리),043-532-4405
충북,농협장례문화원,충청북도 진천군 이월면 진광로 302-1 (중산리),043-533-8004
충북,괴산장례식장,충청북도 괴산군 괴산읍 읍내로 35-4 (대사리),043-832-4444
충북,괴산동부장례식장,충청북도 괴산군 괴산읍 괴강로 144 (동부리),043-834-4040
충북,괴산성모병원장례식장,충청북도 괴산군 괴산읍 임꺽정로 116 (서부리),043-833-4411
충북,음성농협장례식장,충청북도 음성군 원남면 반기문로 3-26 (하노리),043-872-4119
충북,대소장례식장,충청북도 음성군 대소면 대금로 567-7 (태생리),043-883-4440
충북,제일조은병원장례식장,충청북도 음성군 금왕읍 음성로1230번길 12 (금석리),043-877-4444
충북,농협연합장례식장,충청북도 음성군 금왕읍 대금로1278번길 32 (오선리),043-883-4444
충북,감곡장례식장,충청북도 음성군 감곡면 음성로 2512 (오향리),043-882-4444
충북,단양군립노인요양병원장 례식장,"충청북도 단양군 단양읍 별곡6길 10 (별곡리, 단양군노인요양전문병원)",043-423-0044
충북,단양장례식장,"충청북도 단양군 단양읍 수양개유적로 6 (상진리, 단양장례식장)",043-421-4444
충남,천안의료원장례식장,충청남도 천안시 동남구 충절로 537 (삼룡동),041-570-7044
충남,순천향천안장례식장,"충청남도 천안시 동남구 순천향6길 30 (봉명동, 순천향대학교천안병원)",041-570-2444
충남,로고스요양병원 장례식장,충청남도 천안시 동남구 청수로 123-11 (구성동),041-414-4445
충남,남천안장례식장,"충청남도 천안시 동남구 천안대로 215 (삼룡동, 천안효요양병원)",041-523-4444
충남,단국대학교병원 천안장례식장,충청남도 천안시 동남구 망향로 201 (안서동),041-550-7474
충남,천안하늘공원장례식장,충청남도 천안시 동남구 만남로 114 (신부동),041-553-8000
충남,천안삼거리국화원장례식 장,"충청남도 천안시 동남구 충절로 575 (삼룡동, 천안삼거리장례식장)",041-562-4444
충남,중앙장례식장,충청남도 천안시 동남구 대흥로 170 (사직동),041-558-4444
충남,보람상조라이프(주)천안 국빈장례식장,"충청남도 천안시 동남구 풍세로 835, 천안국빈장례식장 (용곡동, 청담웨딩홀)",041-578-0082
충남,성월장례문화원,충청남도 천안시 서북구 성환읍 천안대로 2096 (성월리),041-588-4444
충남,천안충무병원 국화원장례식장,충청남도 천안시 서북구 다가말3길 8 (쌍용동),041-360-1059
충남,천안장례식장,충청남도 천안시 서북구 성거읍 모전1길 213 (모전리),041-585-4000
충남,공주의료원장례식장,충청남도 공주시 무령로 77 (웅진동),041-962-1444
충남,금강쉴낙원장례식장,충청남도 공주시 우성면 약천길 19 (도천리),041-853-4446
충남,이인농협장례식장,충청남도 공주시 이인면 검바위로 9 (달산리),041-853-4400
충남,계룡장례식장,충청남도 공주시 창벽로 182 (소학동),041-853-4444
충남,공주장례식장,충청남도 공주시 치미마을길 4 (신관동),041-854-1122
충남,신풍장례문화원,충청남도 공주시 신풍면 차동로 1817-34 (백룡리),041-841-4442
충남,보령수협장례식장,충청남도 보령시 대해로 258-9 (남곡동),041-932-4004
충남,남포보령장례식장,충청남도 보령시 남포면 보령남로 391 (옥동리),041-932-0505
충남,충남보령아산병원장례식 장,충청남도 보령시 죽성로 136-1 (죽정동),041-930-5631
충남,대천역전장례식장,충청남도 보령시 해안로 45 (내항동),02-932-1414
충남,웅천장례식장,충청남도 보령시 웅천읍 충서로 1141 (두룡리),041-931-3444
충남,교원예움 아산장례식장,"충청남도 아산시 신정로 713 (방축동62-7, 방축동 42-1)",041-549-4441
충남,아산유리요양병원 장례식장,"충청남도 아산시 도고면 도고면로 179,아산유리요양병원 (기곡리)",041-549-1044
충남,배방장례식장,충청남도 아산시 배방읍 갈산교로 38 (구령리),041-544-1500
충남,온양장례식장,충청남도 아산시 곡교천로 171 (온천동),041-547-4444
충남,제일장례식장,"충청남도 아산시 시민로 40 (신인동, 장례문화원)",041-545-4444
충남,아산충무병원 국화원,충청남도 아산시 문화로 381 (모종동),041-548-7444
충남,한국병원장례식장,충청남도 아산시 번영로230번길 13 (모종동),041-531-4444
충남,서산의료원상례원,충청남도 서산시 중앙로 149 (석림동),041-689-7444
충남,중앙병원장례식장,충청남도 서산시 수석산업로 5 (수석동),041-669-1414
충남,우리요양병원 장례식장,충청남도 서산시 동헌로 15 (석남동),041-664-4449
충남,서산시민장례식장,충청남도 서산시 잠홍2길 21 (잠홍동),041-664-4500
충남,백제병원장례식장,충청남도 논산시 시민로294번길 14 (내동),041-735-1022
충남,서논산장례식장,충청남도 논산시 성동면 논산평야로 92 (원북리),041-733-4040
충남,강경장례식장,충청남도 논산시 강경읍 여강로 1293 (채산리),041-745-4401
충남,황산장례문화원,충청남도 논산시 계백로 1161 (덕지동),041-733-4447
충남,놀뫼시민장례원,충청남도 논산시 원댕이길 12 (내동),041-733-0404
충남,쉴낙원 논산장례식장,충청남도 논산시 부적면 부황리 139-21,041-733-4444
충남,우리하늘장례원,충청남도 논산시 연무읍 안심로 280 (안심리),041-741-4404
충남,당진중앙장례식장,충청남도 당진시 송악읍 조비실길 47 (광명리),041-358-3000
충남,쉴낙원 당진장례식장,"충청남도 당진시 남부로 28 (채운동, 당진장례식장)",041-354-4444
충남,당진종합병원장례식장,충청남도 당진시 반촌로 5-15 (시곡동),041-358-4414
충남,신평장례식장,충청남도 당진시 신평면 말목길 22-33 (금천리),041-363-4446
충남,합덕장례식장,"충청남도 당진시 합덕읍 합덕시장로 174-1,지하 (운산리, 서울병원)",041-363-0440
충남,새금산병원장례식장,충청남도 금산군 금산읍 금산로 1279 (하옥리),041-754-4474
충남,(주)금산동백장례식장,충청남도 금산군 군북면 은골길 20 (호티리),041-751-4444
충남,금강장례식장,충청남도 부여군 부여읍 백제문화로429번길 9 (자왕리),041-834-0100
충남,규암농협장례식장,"충청남도 부여군 규암면 반산로 30 (반산리, 부여장례식장)",041-837-0180
충남,주식회사 건양대부여장례식장,"충청남도 부여군 부여읍 계백로 200 (동남리, 건양대부여병원)",041-837-4441
충남,구룡장례식장,충청남도 부여군 구룡면 흥수로 32 (동방리),041-833-4444
충남,사비장례문화원,충청남도 부여군 규암면 충절로 2163 (외리),041-835-4100
충남,서천장례식장,충청남도 서천군 종천면 충서로 179 (화산리),041-952-4402
충남,서천한국장례식장,충청남도 서천군 마서면 어리길 205-7 (어리),041-952-0004
충남,서해병원장례식장,충청남도 서천군 서천읍 서천로 184 (사곡리),041-953-4440
충남,동서천 장례식장,충청남도 서천군 기산면 충절로 1035-4 (광암리),041-951-8003
충남,장례식장상예원,충청남도 서천군 장항읍 장항산단로 344 (옥산리),041-957-0004
충남,참사랑장례식장,충청남도 서천군 장항읍 장항로91번길 40 (화천리),041-956-3344
충남,합자회사 서서천장례문화원,충청남도 서천군 비인면 충서로 862 (선도리),041-952-7778
충남,청양농협 장례식장,"충청남도 청양군 청양읍 충절로 1379 (학당리, 청양장례식장)",041-942-4600
충남,정산미당장례식장,충청남도 청양군 장평면 충의로 797 (미당리),041-942-4447
충남,청양훈병원장례식장,충청남도 청양군 청양읍 칠갑산로 157 (송방리),041-943-8441
충남,홍성의료원장례식장,충청남도 홍성군 홍성읍 조양로 224 (고암리),041-630-6244
충남,장곡농협홍주장례식장,충청남도 홍성군 구항면 충서로966번길 32 (청광리),041-634-4444
충남,홍성추모공원 장례식장,충청남도 홍성군 금마면 금마로516번길 85 (봉서리),041-631-9944
충남,홍성장례식장,충청남도 홍성군 금마면 금마로 254 (덕정리),041-631-4414
충남,신광천장례식장,충청남도 홍성군 은하면 충서로 93 (장척리),041-641-4466
충남,예산종합병원장례식장,충청남도 예산군 예산읍 금오대로 94 (산성리),041-331-4444
충남,예산명지병원장례식장,충청남도 예산군 예산읍 신례원로 26 (관작리),041-334-0443
충남,청담장례문화원,충청남도 예산군 예산읍 차동로 1451 (대회리),041-331-7000
충남,예산장례식장,충청남도 예산군 오가면 오가중앙로 81-17 (역탑리),041-334-4441
충남,고덕장례문화원,충청남도 예산군 고덕면 예덕로 592 (대천리),041-337-4440
충남,예산중앙장례식장,충청남도 예산군 예산읍 마상길 11 (주교리),041-331-4448
충남,태안군보건의료원 상례원,"충청남도 태안군 태안읍 서해로 1952-16 (평천리, 태안군보건의료원)",041-671-5201
충남,(주)안면도장례식장,충청남도 태안군 안면읍 안면대로 2642(정당리),041-672-0444
전북,대한장례식장,전라북도 전주시 완산구 구이로 2050. 대한장례식장 (평화동3가),063-227-4444
전북,대송장례식장,전라북도 전주시 덕진구 동부대로 1015 (송천동2가),063-274-4300
전북,효사랑장례문화원,"전라북도 전주시 완산구 용머리로 77 (효자동1가, 효사랑가족요양병원)",063-250-4444
전북,(주)모악장례문화원,전라북도 전주시 완산구 우림로 1109 (삼천동2가),063-221-4400
전북,(주)금성장례식장,전라북도 전주시 덕진구 가리내로 670 (송천동2가),063-276-4444
전북,(유)예수병원장례식장,"전라북도 전주시 완산구 서원로 365 (중화산동1가, 예수병원)",063-285-1009
전북,효자장례타운,전라북도 전주시 완산구 콩쥐팥쥐로 1705-36 (효자동3가),063-228-4441
전북,전북대학교병원장례식장,"전라북도 전주시 덕진구 건지로 20 (금암동, 전북대학병원)",063-250-1439
전북,뉴타운장례식장,전라북도 전주시 완산구 노송광장로 60 (서노송동),063-284-4444
전북,삼성장례문화원,전라북도 전주시 덕진구 동부대로 937 (호성동2가),063-247-1003
전북,온고을장례식장,전라북도 전주시 덕진구 온고을로 438-2 (만성동),063-211-5000
전북,엠마오사랑병원장례식장,전라북도 전주시 완산구 서원로 402-35 (중화산동1가),063-285-4411
전북,시티장례문화원,전라북도 전주시 완산구 콩쥐팥쥐로 1614 (상림동),063-274-4444
전북,전주시민장례문화원,전라북도 전주시 완산구 유연로 27 (효자동3가),063-263-4444
전북,(유)현대장례식장,전라북도 전주시 덕진구 초포다리로 64 (호성동1가),063-275-4444
전북,전주고려병원장례식장,전라북도 전주시 덕진구 안덕원로 367 (산정동),063-242-9944
전북,동전주 장례문화원,전라북도 전주시 덕진구 금상길 69 (금상동),063-243-4444
전북,군산장례식장,전라북도 군산시 공단대로 700 (소룡동),063-468-4119
전북,월명장례식장,전라북도 군산시 미룡갈마길 75 (신관동),063-468-4851
전북,동군산병원장례예식장,전라북도 군산시 조촌로 155 (조촌동),063-441-4444
전북,시민장례문화원,"전북특별자치도 군산시 잠두1길 49,시민장례문화원 (구암동)",063-453-4444
전북,(유)은파장례문화원,전라북도 군산시 미성로 512 (미룡동),063-445-4444
전북,군산의료원장례식장 오행원,전라북도 군산시 의료원로 27 (지곡동),063-472-5740
전북,대명아임레디 군산중앙장례식장,전라북도 군산시 공단대로 153 (미장동),063-442-4444
전북,모현장례문화원,전라북도 익산시 오산면 무왕로2길 321-20 (장신리),063-853-9889
전북,백제장례예식장,전라북도 익산시 함열읍 익산대로 1493 (석매리),063-861-5300
전북,실로암사랑요양병원장례 식장,전라북도 익산시 선화로 389 (영등동),063-858-4444
전북,(유)신광 익산병원장례식장,"전라북도 익산시 무왕로 969 (신동, 익산병원)",063-851-9444
전북,원광대학교병원장례문화 원(천도장례식장),전라북도 익산시 무왕로 895 (신동),063-855-1734
전북,(유)익산팔봉장례식장,"전라북도 익산시 무왕로 1671 (덕기동, 익산팔봉장례식장)",063-833-8080
전북,(유)동이리장례식장,전라북도 익산시 서동로 5 (인화동2가),063-843-4444
전북,함열장례식장,전라북도 익산시 함열읍 정동1길 6-9 (와리),063-862-4444
전북,(유)한솔장례식장,전라북도 익산시 무왕로 1471-22 (팔봉동),063-838-7444
전북,(유)우석개발,전라북도 익산시 목천로 118 (목천동),063-837-4444
전북,정읍아산병원장례식장,전라북도 정읍시 충정로 606-22 (용계동),063-530-6644
전북,유림장례식장,"전라북도 정읍시 명덕로 54 (연지동, 유림웨딩홀)",063-534-4444
전북,정읍장례문화원,전라북도 정읍시 벚꽃로 131 (연지동),063-535-7777
전북,정다운장례문화원,"전라북도 정읍시 관통로 27 (시기동, 정다운병원)",063-530-1044
전북,정읍장례식장,전라북도 정읍시 고부면 영원로 222-15 (만수리),063-536-4441
전북,정읍호남장례식장,전라북도 정읍시 정읍남로 1252 (시기동),063-533-4500
전북,정읍사랑병원장례식장,전라북도 정읍시 상동중앙로 94 (상동),063-538-4444
전북,신태인장례식장,전라북도 정읍시 신태인읍 신태인공단길 16 (백산리),063-571-6300
전북,한서장례식장,전라북도 정읍시 월천안길 14 (하모동),063-570-7044
전북,엠지(MG)새마을금고 장례식장,"전라북도 남원시 요천로 1237 (조산동, 장례식장)",063-636-4141
전북,남원의료원장례식장,"전라북도 남원시 충정로 365 (고죽동, 남원의료원)",063-620-1140
전북,남원장례식장,전라북도 남원시 충정로 265-7 (월락동),063-635-4444
전북,인월장례식장,전라북도 남원시 인월면 황산로 1735 (서무리),063-632-9400
전북,김제장례식장,전라북도 김제시 벽성로 614 (검산동),063-548-4700
전북,새만금장례식장,전라북도 김제시 하동1길 33 (하동),063-545-0033
전북,김제 중앙병원 장례식장,전라북도 김제시 동서로 77(교동),063-548-8844
전북,김제우석병원장례식장,전라북도 김제시 서암4길 45 (서암동),063-543-4484
전북,삼봉장례식장,전라북도 완주군 삼례읍 과학로 466 (신탁리),063-261-4445
전북,봉동호스피스장례식장,전라북도 완주군 용진읍 완주로 807 (신지리),063-261-4444
전북,한길장례식장,전라북도 완주군 봉동읍 낙평남북로 104-17 (낙평리),063-261-4441
전북,진안군의료원장례식장,전라북도 진안군 진안읍 진무로 1145 (군상리),063-430-7070
전북,무주군보건의료원장례식 장,"전라북도 무주군 무주읍 한풍루로 413 (당산리, 무주군보건의료원)",063-320-8337
전북,장계 공설장례식장,전라북도 장수군 장계면 진장로 1876 (무농리),063-351-4444
전북,장수군보건의료원장례식 장,"전라북도 장수군 장수읍 장천로 247 (장수리, 장수보건의료원)",063-351-8050
전북,임실 중앙장례식장,전라북도 임실군 임실읍 호국로 1767 (이도리),063-644-6666
전북,오수장례식장,전라북도 임실군 오수면 춘향로 1483 (금암리),063-644-0444
전북,임실군보건의료원장례식 장,전라북도 임실군 임실읍 호국로 1680 (이도리),063-644-3190
전북,순창온누리장례식장,전라북도 순창군 순창읍 남계로 14 (교성리 659-24),063-653-4482
전북,순창군보건의료원장례식 장,"전라북도 순창군 순창읍 교성로 135 (교성리, 순창군보건의료원)",063-650-5444
전북,순창현대장례식장,전라북도 순창군 순창읍 교성로 141-21 (가남리),063-653-4444
전북,순창장례식장,전라북도 순창군 순창읍 순창로 89 (가남리),063-653-6644
전북,고창우리장례식장,전라북도 고창군 고창읍 녹두로 1313-6 (읍내리),063-564-3322
전북,고인돌장례식장,"전라북도 고창군 고창읍 녹두로 1295 (읍내리, 고인돌장례식장)",063-562-3223
전북,새고창장례식장,전라북도 고창군 고창읍 고인돌대로 1763 (읍내리),063-563-1001
전북,흥덕장례식장,전라북도 고창군 흥덕면 고인돌대로 2582-7 (흥덕리),063-564-4440
전북,혜성병원장례식장,"전라북도 부안군 부안읍 부령로 34 (선은리, 혜성병원)",063-584-4300
전북,부안호남장례식장,전라북도 부안군 행안면 부안로 2563 (신기리),063-581-1004
전북,부안효병원장례식장,전라북도 부안군 행안면 염소로 25 (역리),063-582-3939
전남,목포장례문화원,전라남도 목포시 고하대로 1140-41 (대양동),061-242-4400
전남,서해안장례식장,전라남도 목포시 고하대로 797 (연산동),061-246-4444
전남,정다운 장례식장,전라남도 목포시 영산로 710-11 (석현동),061-287-9444
전남,세안종합병원장례식장,전라남도 목포시 고하대로 795-2 (연산동),061-276-4444
전남,목포성심장례문화원,전라남도 목포시 산계길 4-9 (대양동),061-261-4444
전남,목포현대병원장례식장,전라남도 목포시 용당로 322-1 (용해동),061-270-9708
전남,목포기독병원장례식장,전라남도 목포시 백년대로 303 (상동),061-283-4444
전남,목포시의료원장례식장,"전라남도 목포시 이로로 18 (용해동, 목포시의료원)",061-246-0044
전남,참사랑장례식장,전라남도 목포시 차범석길35번길 9 (북교동),061-244-4400
전남,중앙병원장례식장,전라남도 목포시 영산로 623 (석현동),061-262-6666
전남,한국병원장례식장,전라남도 목포시 영산로 483 (상동),061-270-5440
전남,금호장례식장,전라남도 목포시 용당로384번길 32 (용해동),061-272-0400
전남,삼목장례프리드,전라남도 목포시 청호로220번길 17 (산정동),061-274-4441
전남,목포봉황장례문화원,전라남도 목포시 삼학로 154 (산정동),061-242-2222
전남,효사랑장례식장,전라남도 목포시 백년대로231번길 13 (상동),061-242-7000
전남,전남중앙병원장례식장,전라남도 목포시 고하대로 724 (산정동),061-273-4444
전남,목포하당장례식장,전라남도 목포시 백년대로231번길 13-1 (상동),061-272-4444
전남,삼성장례식장,전라남도 목포시 삼학로 32 (호남동),061-244-2266
전남,여수제일병원장례식장,전라남도 여수시 학동1길 24 (학동),061-692-4444
전남,여수강남요양병원장례식 장,전라남도 여수시 진남로 15 (충무동),061-641-4444
전남,여수장례식장,전라남도 여수시 신월로 435 (신월동),061-688-4444
전남,호남장례식장,전라남도 여수시 신월로 438 (신월동),061-641-0404
전남,여천전남병원장례식장,전라남도 여수시 무선로 95 (선원동),061-691-4444
전남,경산장례식장,전라남도 여수시 시청로 145 (선원동),061-681-4444
전남,보람여수장례식장(여수보 람장례식장),전라남도 여수시 소라면 무선로 339 (덕양리),061-684-4444
전남,여수전남병원장례식장,"전라남도 여수시 광무1길 28-6 (광무동, 전남병원장례식장)",061-642-4444
전남,여천장례식장,전라남도 여수시 좌수영로 749 (봉계동),061-685-4444
전남,성가롤로병원장례식장,"전라남도 순천시 순광로 221 (조례동, 성가롤로병원)",061-900-4444
전남,순천의료원장례식장,"전라남도 순천시 서문성터길 2 (매곡동, 순천의료원)",061-759-9090
전남,순천중앙병원장례식장,"전라남도 순천시 장명로 5 (장천동, 중앙병원)",061-744-0444
전남,순천한국병원장례식장,전라남도 순천시 우명길 42 (연향동),061-723-4444
전남,메디팜병원장례식장,전라남도 순천시 양율길 306 (인월동),061-741-4411
전남,정원장례식장,전라남도 순천시 서면 삼산로 290 (선평리),061-754-4444
전남,영산포농협장례식장,전라남도 나주시 영산포로 30-50 (이창동),061-334-4440
전남,나주예림장례식장,전라남도 나주시 예향로 3795 (이창동),061-335-4406
전남,영산포제일병원장례식장,전라남도 나주시 대기2길 12 (이창동),061-334-1444
전남,나주애향장례식장,전라남도 나주시 청동길 147 (청동),061-334-9000
전남,나주장례식장,전라남도 나주시 건재로 85 (대호동),061-332-8114
전남,나주한국병원장례식장,전라남도 나주시 동점문길 7 (성북동),061-334-4111
전남,빛가람종합병원장례식장,전라남도 나주시 정보화길 49(빛가람동),061-820-0844
전남,나주종합병원장례식장,전라남도 나주시 영산로 5419 (성북동),061-332-4461
전남,(주)예담 활주로장례식장,전라남도 나주시 산포면 산남로 137(등정리),061-332-4441
전남,나주효사랑병원장례식장,전라남도 나주시 금천면 영산로 5891-9 (촌곡리),061-332-4454
전남,㈜영산포한우리장례식장,전라남도 나주시 왕곡면 영산포로 30-11 (장산리),061-335-4949
전남,나주중앙요양병원장례식 장,전라남도 나주시 영산로 5406 (성북동),061-333-0444
전남,광양우리병원장례식장,전라남도 광양시 광양읍 숲샘길 80 (인서리),061-761-4445
전남,가야장례식장,전라남도 광양시 광양읍 인덕로 1183 (구산리),061-763-4444
전남,동광양장례식장,전라남도 광양시 불로로 30-1 (성황동),061-795-7700
전남,광양서울병원장례식장,"전라남도 광양시 진등길 93 (마동, 광양서울병원)",02-794-4440
전남,옥곡장례식장,전라남도 광양시 옥곡면 강변로 448 (신금리),061-793-4444
전남,(주)광양장례식장,전라남도 광양시 광양읍 해광로 897 (덕례리),061-761-5500
전남,광양백운장례식장,전라남도 광양시 광양읍 제철로26번길 19(목성리) (광양경찰서앞),061-761-0004
전남,담양제일장례식장,전라남도 담양군 담양읍 추성로 1198 (양각리),061-382-1111
전남,담양동산병원장례식장,전라남도 담양군 담양읍 죽향대로 1203 (백동리),061-383-0000
전남,새마을장례식장,전라남도 담양군 담양읍 죽향문화로 287 (만성리),061-383-4444
전남,석곡농협장례식장,전라남도 곡성군 석곡면 주석로 657-5 (석곡리),061-362-0088
전남,우리장례식장,전라남도 곡성군 옥과면 천변로 83 (율사리),061-362-6666
전남,곡성섬진장례식장,전라남도 곡성군 곡성읍 곡성로 935 (읍내리),061-362-9200
전남,곡성옥과장례식장,전라남도 곡성군 겸면 곡순로 2088 (가정리),061-362-4448
전남,곡성장례식장,전라남도 곡성군 곡성읍 중앙로 26-8 (죽동리),061-362-7575
전남,금송장례식장,전라남도 곡성군 곡성읍 곡성로 775 (읍내리),061-363-0444
전남,(주)구례장례식장,전라남도 구례군 구례읍 용방로 15 (백련리),061-782-0444
전남,구례병원장례식장,전라남도 구례군 구례읍 동편제길 4 (봉북리),061-783-4344
전남,새미소요양병원장례식장,"전라남도 구례군 구례읍 구례로 28 (신월리, 지리산요양병원)",061-783-4440
전남,우주장례식장,전라남도 고흥군 고흥읍 봉동주공길 56-16 (호형리),061-832-4000
전남,녹동농협 장례식장,전라남도 고흥군 도양읍 거금로 80 (봉암리),061-840-7778
전남,거금장례식장,전라남도 고흥군 금산면 거금일주로 2901 (석정리),061-844-4444
전남,유한회사보람,전라남도 고흥군 고흥읍 고흥로 1935 (남계리),061-830-3300
전남,녹동현대병원장례식장,전라남도 고흥군 도양읍 차경구렁목길 211 (용정리),061-843-4444
전남,고흥봉황장례식장,전라남도 고흥군 고흥읍 신호산장길 3 (호형리),061-833-4442
전남,벌교삼성병원장례식장( 삼호병원장례식장),전라남도 보성군 벌교읍 남하로 12 (장좌리),061-858-4452
전남,벌교장례식장,전라남도 보성군 벌교읍 남하로 26 (장좌리),061-858-4000
전남,보성아산병원장례식장,전라남도 보성군 미력면 가평길 36-17 (초당리),061-850-3444
전남,벌교중앙장례식장,전라남도 보성군 벌교읍 원동길 89 (척령리),061-857-3000
전남,춘추장례식장,전라남도 보성군 벌교읍 원동길 81 (척령리),061-858-4441
전남,보성우리장례식장,전라남도 보성군 보성읍 봉화로 166-5 (보성리),061-852-4445
전남,보성장례식장,전라남도 보성군 보성읍 송재로 289 (보성리),061-853-4404
전남,화순전남대학교병원장례 식장,"전라남도 화순군 화순읍 서양로 322 (일심리, 화순전남대학교병원)",061-379-7444
전남,(주)제이엔에이실업,전라남도 화순군 화순읍 중앙로 8 (교리),061-370-4444
전남,화순장례식장,전라남도 화순군 화순읍 충의로 167 (일심리),061-373-4444
전남,고려장례식장,전라남도 화순군 화순읍 충의로 109 (광덕리),061-375-4500
전남,장흥우리병원중앙장례식 장,전라남도 장흥군 장흥읍 남부관광로 6 (건산리),061-863-4444
전남,관산정남진장례식장,전라남도 장흥군 관산읍 관산로 133 (남송리),061-867-4400
전남,장흥병원장례식장,전라남도 장흥군 장흥읍 흥성로 74 (건산리),061-864-4444
전남,관산장례식장,전라남도 장흥군 관산읍 죽교상하발로 13 (죽교리),061-867-8444
전남,대덕회진장례식장,전라남도 장흥군 대덕읍 가학회진로 35-85 (가학리),061-867-0444
전남,강진의료원장례식장,"전라남도 강진군 강진읍 탐진로 5 (서성리, 강진의료원)",061-430-1004
전남,강진영락장례식장,전라남도 강진군 강진읍 보은로 200 (동성리),061-433-3950
전남,강진군산림조합추모관장 례식장,전라남도 강진군 강진읍 해강로 1437 (서성리),061-430-5444
전남,마량장례식장,전라남도 강진군 마량면 청자로 2340 (마량리),061-434-1111
전남,강진장례식장,전라남도 강진군 강진읍 청자로 75-9 (목리),061-432-4004
전남,해남국제장례식장,전라남도 해남군 해남읍 남부순환로 321-37 (용정리),061-536-4494
전남,우수영장례식장,전라남도 해남군 문내면 관광레저로 534-5 (난대리),061-533-4440
전남,해남현대장례식장,전라남도 해남군 해남읍 남부순환로 345 (용정리),061-537-2222
전남,해남종합병원장례식장,"전라남도 해남군 해남읍 해남로 45 (해리, 해남종합병원)",061-533-4444
전남,해남우리병원장례식장,전라남도 해남군 옥천면 해남로 597 (영신리),061-532-4446
전남,해남군산림조합장례식장,전라남도 해남군 해남읍 신안길 2-22 (고도리),061-532-4444
전남,해남장례식장,전라남도 해남군 해남읍 해남로 160-56 (신안리),061-534-4441
전남,영암농협장례식장,전라남도 영암군 영암읍 낭주로 49 (춘양리),061-472-5544
전남,영암효병원장례식장,"전라남도 영암군 덕진면 예향로 1764 (덕진리, 효병원)",061-471-4441
전남,제일장례문화원,전라남도 영암군 영암읍 예향로 1688 (망호리),061-472-0777
전남,영암장례식장,"전라남도 영암군 영암읍 낭주로 49-1 (춘양리, 영암장례식장)",061-471-4884
전남,낙원장례식장,전라남도 영암군 미암면 잿등로 276 (채지리),061-472-4444
전남,대성장례식장,전라남도 무안군 삼향읍 국사로 5-9 (맥포리),061-247-4444
전남,무안제일병원 무안장례식장,전라남도 무안군 무안읍 무안로 567-1 (성동리),061-454-9340
전남,무안초당병원장례식장,"전라남도 무안군 무안읍 성남1길 97-2 (성남리, 동남호텔예식장)",061-454-4040
전남,남악장례식장,전라남도 무안군 삼향읍 남악로250번길 59-30 (남악리),061-285-0444
전남,(유)무안병원장례식장,전라남도 무안군 무안읍 몽탄로 65 (성동리),061-453-0068
전남,남악정다운요양병원 장례식장(휴업),전라남도 무안군 삼향읍 삼일로 13-1 (임성리),061-271-4444
전남,함평농협장례식장,전라남도 함평군 함평읍 남일길 238-71 (대덕리),061-323-4444
전남,문장장례식장,전라남도 함평군 해보면 밀재로 1350 (문장리),061-323-7100
전남,함평장례식장,전라남도 함평군 함평읍 중앙길 124 (기각리),061-324-4440
전남,영광종합병원장례식장,전라남도 영광군 영광읍 와룡로 3 (단주리),061-350-8044
전남,영광장례식장,전라남도 영광군 영광읍 영대로 238 (무령리),061-350-6000
전남,옥당장례식장,전라남도 영광군 영광읍 천년로 1371-20 (신하리),061-352-4401
전남,법성장례식장,전라남도 영광군 법성면 연우로 72 (법성리),061-356-4444
전남,제일장례식장,전라남도 영광군 영광읍 옥당로 308-3 (월평리),061-351-3131
전남,영광농협장례식장(영광 낙원장례식장),전라남도 영광군 영광읍 영대로 213 (월평리),061-353-0444
전남,산림조합 장성장례식장,전라남도 장성군 장성읍 역전로 155 (기산리),061-394-0444
전남,장성병원장례식장,전라남도 장성군 장성읍 역전로 171 (영천리),061-393-4444
전남,삼성장례식장,전라남도 완도군 완도읍 농공단지1길 24 (가용리),061-555-4455
전남,완도대성병원장례식장,전라남도 완도군 완도읍 청해진동로 63 (가용리),061-554-4456
전남,완도장례식장,전라남도 완도군 완도읍 장보고대로 15 (가용리),061-552-4444
전남,고금번영회장례식장,전라남도 완도군 고금면 고금동로 117 (덕암리),061-555-4400
전남,노화장례문화센터,전라남도 완도군 노화읍 노화로 789 (이포리),02-554-0444
전남,진도군산림조합직영추모 관장례식장,전라남도 진도군 진도읍 진도대로 7143-10 (쌍정리),061-543-4040
전남,진도장례식장,전라남도 진도군 진도읍 진도대로 7207 (동외리),061-544-4744
전남,진도전남병원장례식장,"전라남도 진도군 진도읍 남문길 12-11 (남동리, 진도전남병원)",061-544-4441
전남,북신안농협장례식장,전라남도 신안군 지도읍 해제지도로 979-47 (광정리),061-275-4440
경북,포항시민전문장례식장,경상북도 포항시 북구 새천년대로 1191 (장성동),054-253-4444
경북,교원예움 포항국화원장례식장,경상북도 포항시 남구 희망대로 644 (대잠동),054-272-4444
경북,경상북도포항의료원 장례식장,경상북도 포항시 북구 용흥로 36 (용흥동),054-245-0444
경북,포항성모병원장례식장,"경상북도 포항시 남구 대잠동길 17 (대잠동,포항성모병원)",054-260-8048
경북,포항세명기독병원장례식 장,경상북도 포항시 남구 상공로 120 (대도동),054-289-1919
경북,시티병원장례식장,경상북도 포항시 북구 장성동1495-1 장량로31번길56 지하1,054-231-4444
경북,흥해경희요양병원장례식 장,경상북도 포항시 북구 흥해읍 동해대로 1515 (옥성리),054-262-4411
경북,오천삼성병원장례식장,경상북도 포항시 남구 오천읍 충무로 10 (용덕리),054-292-6789
경북,포항e병원장례식장,경상북도 포항시 북구 중흥로 227 (죽도동),054-272-4414
경북,천상포항장례식장,경상북도 포항시 남구 오천읍 송덕로 324,054-291-9000
경북,쉴낙원 포항제일장례식장,"경상북도 포항시 남구 해병로 63 (청림동, 포항제일장례식장)",054-293-4004
경북,경주전문장례식장,경상북도 경주시 유림로97번길 45 (황성동),054-744-4000
경북,동국대학교경주병원장례 식장,경상북도 경주시 동대로 87 (석장동),054-770-8333
경북,계명대학교경주동산병원 장례식장,"경상북도 경주시 봉황로 65 (서부동, 계명대학교경주동산병원)",054-774-0288
경북,시민장례식장,경상북도 경주시 화랑로 40 (성건동),054-775-4443
경북,안강중앙병원장례식장,경상북도 경주시 안강읍 안강중앙로 150-3 (산대리),054-761-3014
경북,미루병원장례식장,경상북도 경주시 안강읍 화전북4길 8 (산대리),054-762-4404
경북,늘푸른장례식장,"경상북도 경주시 유림로13번길 155 (용강동, 늘푸른요양병원)",054-705-4444
경북,위더스요양병원장례식장,"경상북도 경주시 승삼북길 31 (용강동, 위더스요양병원)",054-744-4044
경북,경주하늘마루장례식장,경상북도 경주시 서면 하늘마루길 330 (도리),054-751-9444
경북,김천시민장례식장,경상북도 김천시 남면 초곡길 167 (초곡리),054-435-4321
경북,김천제일병원장례식장,경상북도 김천시 신음1길 12 (신음동),054-433-9444
경북,태찬장례예식장,경상북도 김천시 농공단지길 20-22 (신음동),054-435-6119
경북,김천의료원장례식장,경상북도 김천시 모암길 24 (모암동),054-429-8280
경북,김천요양병원장례식장,경상북도 김천시 모암길 3 (용두동),054-433-4446
경북,안동의료원 장례식장 국화원,"경상북도 안동시 태사2길 55,안동의료원 (북문동)",054-850-6440
경북,안동병원장례식장,경상북도 안동시 앙실로 11 (수상동),054-840-0030
경북,안동농협장례식장,경상북도 안동시 서동문로 99 (금곡동),054-821-4404
경북,용상안동병원장례식장,경상북도 안동시 전거리길 57 (용상동),054-840-0040
경북,안동전문장례식장,경상북도 안동시 강남로 5(수상동),054-821-0101
경북,서안동농협장례식장,경상북도 안동시 풍산읍 본마을길 36-22 (노리),054-854-9980
경북,도립노인병원장례식장,경상북도 안동시 남후면 남일로 1463 (무릉리),054-852-4441
경북,고아농협 장례문화원,경상북도 구미시 고아읍 오로4길 112 (오로리),054-482-7411
경북,구미푸른요양병원장례식 장,경상북도 구미시 장천면 산호대로 1391 (하장리),054-474-4443
경북,구미천사요양병원장례식 장,경상북도 구미시 고아읍 이례로 46 (이례리),054-481-4441
경북,구미제일요양병원장례식 장,"경상북도 구미시 고아읍 선산대로 1116 (오로리, 제일병원)",054-481-1900
경북,구미가톨릭요양병원장례 식장,경상북도 구미시 야은로 483 (도량동),054-442-2323
경북,구미장례식장해원,경상북도 구미시 야은로 119 (부곡동),054-443-5445
경북,구미강동병원장례식장,"경상북도 구미시 인동20길 46 (진평동, 구미강동병원)",054-473-9650
경북,순천향장례식장,"경상북도 구미시 1공단로 179 (공단동, 구미순천향병원)",054-464-4444
경북,아성병원장례식장,경상북도 구미시 선기로 155-23 (선기동),054-442-5555
경북,차병원장례식장,"경상북도 구미시 신시로10길 12 (형곡동, 차병원)",054-452-1919
경북,선산 국화원 전문 장례식장,경상북도 구미시 선산읍 선산대로 1269 (화조리),054-481-2929
경북,선산전문장례식장,경상북도 구미시 선산읍 선상동로 58 (생곡리),054-482-1414
경북,남구미요양병원장례식장,경상북도 구미시 금오대로 378 (오태동),054-716-0044
경북,"영주장례문화원(소망장 례식장, 중복)",경상북도 영주시 신재로 134 (가흥동),054-636-0880
경북,영주적십자병원장례식장,"경상북도 영주시 대학로 327 (가흥동, 영주적십자병원)",054-630-0128
경북,명품병원장례문화원,경상북도 영주시 반지미로 260 (가흥동),054-634-1444
경북,자인병원장례식장,경상북도 영주시 대동로31번길 9 (가흥동),054-635-3400
경북,대영장례식장,경상북도 영주시 봉화로 89 (상망동),054-634-4441
경북,풍기성심요양병원장례식 장,"경상북도 영주시 풍기읍 소백로1916번길 6 (동부리, 풍기성심요양병원)",054-630-2500
경북,영주 국화원장례식장,경상북도 영주시 신재로 167 (상줄동),054-633-4441
경북,하늘전문장례식장,경상북도 영주시 구성로 321-16 (영주동),054-633-4444
경북,청하요양병원장례식장,경상북도 영주시 신재로24번길 91 (가흥동),054-634-0444
경북,영주장례식장,경상북도 영주시 신재로 153 (상줄동),054-638-1444
경북,현대장례식장,"경상북도 영주시 가흥공단로 11 (상줄동, 소망장례식장)",054-634-4400
경북,성누가병원장례식장,경상북도 영주시 구성로 321-12 (영주동),054-635-4444
경북,풍기전문장례식장,경상북도 영주시 풍기읍 안풍로 231 (산법리),054-637-4442
경북,기독장례식장,경상북도 영주시 구성로 380 (영주동),054-631-4444
경북,효사랑요양병원장례식장,경상북도 영천시 금호읍 금호로 484 (신월리),054-337-4044
경북,영천참좋은요양병원장례 식장,경상북도 영천시 망정1길 32 (망정동),054-338-1024
경북,영천국화원전문장례식장,경상북도 영천시 오수1길 18 (오수동),054-331-4444
경북,영천영락원장례식장,경상북도 영천시 천문로 596-8 (오미동),054-336-4444
경북,(주)영천장례식장,경상북도 영천시 한방로 35 (도동),054-332-4000
경북,㈜국화원전문장례식장영 대병원영천지점,경상북도 영천시 오수1길 10 (오수동),054-330-7400
경북,상주시민장례식장,경상북도 상주시 경상대로 2693 (가장동),054-536-8800
경북,제일장례식장,경상북도 상주시 영남제일로 1408-15 (복룡동),054-531-4411
경북,상주장례식장,경상북도 상주시 영남제일로 1953 (낙양동),054-531-4444
경북,상주성모병원 장례식장,경상북도 상주시 냉림서성길 7 (냉림동),054-535-6000
경북,대한적십자사상주병원장 례식장,"경상북도 상주시 상서문로 53 (남성동, 적십자병원)",054-530-3017
경북,효신전문장례식장,경상북도 상주시 함창읍 경상대로 4946-43 (오동리),054-541-8007
경북,중앙장례식장,경상북도 상주시 함창읍 함창로 586 (윤직리),054-541-4477
경북,문경국화원장례식장,경상북도 문경시 공평로 134 (공평동),054-555-6444
경북,문경제일병원장례식장,경상북도 문경시 당교3길 25 (모전동),054-550-7948
경북,문경장례식장,경상북도 문경시 산양면 서당마길 7-5 (반곡리),054-555-7000
경북,양지요양병원장례식장,경상북도 경산시 경산로 174 (옥산동 793),053-817-9444
경북,세명병원장례식장,경상북도 경산시 경안로 208 (중방동),053-816-4444
경북,경산중앙병원장례식장,경상북도 경산시 경안로 11 (백천동),053-814-0044
경북,서요양병원장례식장,"경상북도 경산시 계양로 193 (계양동, 서병원)",053-817-4444
경북,삼성병원장례식장,"경상북도 경산시 하양읍 대경로 795 (동서리, 하양삼성병원)",053-854-4444
경북,부림요양병원장례식장,경상북도 경산시 와촌면 하양로 359 (용천리),053-853-1888
경북,옥산전문장례예식장,경상북도 경산시 서상길 84 (서상동),053-801-4444
경북,하양전문장례식장,경상북도 경산시 하양읍 금송로 113 (동서리),053-857-0004
경북,의성전문장례식장,"경상북도 의성군 의성읍 홍술로 89-49 (철파리, 의성장례식장)",054-832-4004
경북,성제장례식장,"경상북도 의성군 안계면 안계길 200 (용기리, 성제병원)",054-861-4441
경북,공생병원장례식장,경상북도 의성군 의성읍 후죽2길 6 (후죽리),054-834-9906
경북,다인농협장례식장,경상북도 의성군 다인면 단북다인로 1069 (산내리),054-861-4011
경북,의성제일장례식장,경상북도 의성군 의성읍 홍술로 94 (원당리),054-834-4300
경북,의성성심요양병원장례식 장,경상북도 의성군 금성면 탑리길 8-2 (대리리),054-833-4479
경북,의성중부농협장례식장,경상북도 의성군 봉양면 강변길 957-10 (화전리),054-832-2704
경북,안계농협장례식장,경상북도 의성군 안계면 서부로 1776-62 (용기리),054-862-1910
경북,진보병원장례식장,"경상북도 청송군 진보면 경동로 4003 (후평리, 진보병원)",054-874-7802
경북,청송군보건의료원장례식 장,"경상북도 청송군 청송읍 의료원길 19 (금곡리, 청송보건의료원)",054-873-7801
경북,안덕장례식장,경상북도 청송군 안덕면 청송로 1914 (복리),054-872-0850
경북,영양병원장례식장,"경상북도 영양군 영양읍 동서대로 75 (서부리, 영양병원)",054-682-0727
경북,영양전문장례식장,경상북도 영양군 영양읍 중앙로 281 (동부리),054-682-4700
경북,영덕제일요양병원장례식 장,경상북도 영덕군 영덕읍 우곡길 52 (우곡리),054-733-4440
경북,영덕효요양병원장례식장,경상북도 영덕군 영덕읍 영덕로 72-12 (남산리),054-732-4444
경북,영덕아산병원 장례식장,경상북도 영덕군 영해면 영덕로 1621 (성내리),054-730-0168
경북,영덕전문장례식장,경상북도 영덕군 영덕읍 하저길 20 (우곡리),054-734-6800
경북,청도대남병원장례식장,경상북도 청도군 화양읍 청화로 79-7 (범곡리),054-371-5525
경북,청도전문장례식장,경상북도 청도군 청도읍 새마을로 1405(송읍리),054-371-5544
경북,고령영생병원장례식장,"경상북도 고령군 대가야읍 중앙로 33 (헌문리, 영생병원)",054-956-4455
경북,고령전문장례식장,경상북도 고령군 쌍림면 대가야로 947 (고곡리),054-956-4444
경북,고령대가야장례식장,경상북도 고령군 대가야읍 일량로 83 (고아리),054-955-1667
경북,성주효병원장례식장,경상북도 성주군 성주읍 성주순환로 239 (예산리),054-933-1282
경북,가야장례식장,경상북도 성주군 성주읍 주산로 189 (삼산리),054-933-4114
경북,성주전문장례식장,"경상북도 성주군 성주읍 주산로 83 (삼산리, 성주경대요양병원)",054-933-0444
경북,왜관병원장례식장,"경상북도 칠곡군 왜관읍 군청2길 10 (왜관리, 왜관병원)",054-976-4446
경북,혜원성모병원장례식장,경상북도 칠곡군 약목면 관호7길 41 (관호리),054-975-4044
경북,칠곡군농협연합장례식장,경상북도 칠곡군 약목면 관호10길 248-56 (관호리),054-976-9988
경북,예천농협장례식장,경상북도 예천군 예천읍 양궁로 154,054-655-0990
경북,예천장례식장,경상북도 예천군 예천읍 충효로 35-8,054-655-4442
경북,예천권병원장례식장,경상북도 예천군 예천읍 시장로 136,054-655-0456
경북,봉화군산림조합장례식장,"경상북도 봉화군 봉화읍 봉화로 850 (적덕리, 봉화군산림조합장례식장)",054-674-4119
경북,해성장례식장,경상북도 봉화군 봉화읍 보밑길 3 (내성리),054-674-0015
경북,봉화장례식장,경상북도 봉화군 봉화읍 다덕로 152-1 (유곡리),054-673-0061
경북,(의)동재의료재단오차드 장례식장,"경상북도 울진군 후포면 동해대로 441 (삼율리, 오차드요양병원)",054-787-1206
경북,울진군의료원장례식장,"경상북도 울진군 울진읍 현내항길 71 (연지리, 울진군의료원)",054-785-7800
경북,울릉군보건의료원장례식 장,경상북도 울릉군 울릉읍 울릉순환로 396-18 (도동리),054-790-6871
경남,창원경상대학교병원장례 식장,경상남도 창원시 성산구 삼정자로 9 (성주동),055-214-1900
경남,신세계장례식장,"경상남도 창원시 마산회원구 내서읍 죽암로 89지하2층신세계장례식장 (호계리, 신세계요양병원)",055-232-4334
경남,큰사랑요양병원장례식장,"경상남도 창원시 마산회원구 북성로 469,지하1층 (두척동, 큰사랑요양병원)",055-231-5444
경남,삼성창원병원장례식장,"경상남도 창원시 마산회원구 팔용로 158 (합성동, 삼성창원병원)",055-233-5131
경남,행복한병원장례식장,"경상남도 창원시 의창구 북면 천주로 785,행복한병원장례식장 (동전리, 행복한병원)",055-255-0220
경남,세광병원장례식장,"경상남도 창원시 진해구 중원동로 55-1 (중앙동, 진해세광병원)",055-545-4447
경남,창원한마음병원장례식장,"경상남도 창원시 의창구 용동로57번길 8,창원한마음병원장례식장 (사림동)",055-225-1200
경남,창원시립상복공원장례식 장,경상남도 창원시 성산구 공단로474번길 160 (상복동),055-712-0930
경남,늘푸른장례식장,경상남도 창원시 진해구 충장로 181 (여좌동),055-551-8000
경남,창원파티마병원장례식장,경상남도 창원시 의창구 창이대로 45 (명서동),055-270-1900
경남,SMG연세병원장례식장,경상남도 창원시 마산합포구 3.15대로 76 (월남동2가),055-223-1000
경남,경상남도 마산의료원 장례식장,경상남도 창원시 마산합포구 3.15대로 231 (마산의료원 장례식장),055-249-1700
경남,연세에스병원장례식장,경상남도 창원시 진해구 해원로32번길 13 (이동),055-548-7759
경남,영락원전문장례식장,경상남도 창원시 마산회원구 봉양로 152 (봉암동),055-292-4444
경남,동창원장례식장,"경상남도 창원시 의창구 동읍 의창대로 870-5 (용잠리, 동창원요양병원)",055-244-4000
경남,동마산장례식장,"경상남도 창원시 마산회원구 3.15대로 681지하2층 (석전동, 동마산병원)",055-290-5044
경남,정다운병원장례식장,경상남도 창원시 마산회원구 봉양로 160 (봉암동),055-244-4444
경남,세명병원장례식장,경상남도 창원시 진해구 용원서로 42 (용원동),055-541-4444
경남,경상국립대학교병원장례 식장,"경상남도 진주시 강남로 79 (칠암동, 경상대학교병원)",055-750-8448
경남,엠마우스병원 장례식장,경상남도 진주시 남강로 25 (평거동),055-745-4444
경남,제일병원장례식장,"경상남도 진주시 진주대로 885 (강남동, 제일병원)",055-750-7100
경남,진주시민장례식장 (주)휴드림,"경상남도 진주시 문산읍 문산순환로 13 (소문리, 진주시민장례식장)",055-762-4444
경남,센텀장례식장,경상남도 진주시 진주대로941번길 8 (강남동),055-795-2800
경남,(주)한빛장례식장,경상남도 진주시 대신로 120 (상평동),055-756-0300
경남,문산장례식장,경상남도 진주시 문산읍 제곡길98번길 41 (삼곡리),055-746-1024
경남,유한회사 진주중앙장례식장,경상남도 진주시 촉석로 178 (중안동),055-745-8000
경남,한일병원장례식장,"경상남도 진주시 범골로 17, 1층 (충무공동)",055-756-9009
경남,진주장례식장,경상남도 진주시 남강로 1721 (초전동),055-759-4141
경남,숭례관장례식장,경상남도 통영시 충렬로 8-5 (서호동),055-643-1024
경남,새통영병원장례식장,"경상남도 통영시 무전7길 192 (무전동, 새통영병원)",055-645-7300
경남,고려병원장례식장,"경상남도 통영시 중앙로 310 (무전동, 통영고려병원)",055-643-4444
경남,경남도립노인전문병원장 례식장,경상남도 통영시 도산면 남해안대로 1818 (도선리),055-640-1919
경남,e좋은병원장례식장,경상남도 통영시 광도면 죽림해안로 26-12 (죽림리),055-648-3444
경남,통영서울병원장례식장,경상남도 통영시 광도면 남해안대로 857 (죽림리),055-644-9959
경남,통영전문장례식장,경상남도 통영시 장대길 142 (정량동),055-645-1233
경남,추모원장례식장,경상남도 사천시 서포면 서포로 786 (외구리),055-855-4433
경남,삼천포서울병원장례식장,경상남도 사천시 남일로 33 (동금동),055-835-9944
경남,우리장례식장,"경상남도 사천시 송포공단길 53 (송포동, 우리장례식장)",055-834-1024
경남,한마음병원장례식장,"경상남도 사천시 향촌4길 127 (향촌동, 한마음병원)",055-835-2410
경남,삼천포장례식장,경상남도 사천시 진삼로 217-13 (송포동),055-835-2244
경남,사천공설장례식장,"경상남도 사천시 해안관광로 208-66 (송포동, 사천시누리원화장장)",055-831-4594
경남,에스엠(SM)상조온요양 병원장례식장,"경상남도 사천시 사천읍 구암두문로 154-28 (구암리, 온요양병원)",055-853-5557
경남,시민장례식장,경상남도 사천시 송포공단길 31 (송포동),055-834-1051
경남,사천시농협장례식장,경상남도 사천시 사천읍 구암두문로 146-12 (구암리),055-852-0004
경남,사천중앙요양병원장례식 장,"경상남도 사천시 사천읍 옥산로 127 (선인리, 사천중앙병원)",055-851-5444
경남,김해시민장례식장,경상남도 김해시 금관대로910번길 4 (풍유동),055-900-4000
경남,현대병원장례식장,경상남도 김해시 구산로 23 (구산동),055-331-0036
경남,교원예움 김해장례식장,경상남도 김해시 삼안로8번길 24 (지내동),055-331-4444
경남,보람김해장례식장,경상남도 김해시 분성로 98 (외동),055-322-4442
경남,성모병원장례식장,경상남도 김해시 김해대로 2479-1 (삼정동),055-336-4475
경남,김해복음병원장례식장,경상남도 김해시 활천로 33 (삼정동),055-330-9999
경남,조은금강병원장례식장,경상남도 김해시 김해대로 1814-37 (삼계동),055-330-0400
경남,장유누가병원 장례식장,"경상남도 김해시 대청로104번길 80-1 (대청동,누가병원)",055-332-4000
경남,하늘재전문장례식장,경상남도 김해시 진영읍 진산대로 92 (진영리),055-343-8400
경남,갑을장유병원장례식장,경상남도 김해시 장유로 167-13 (부곡동),055-314-5533
경남,김해한솔병원장례식장,"경상남도 김해시 김해대로 2379 (부원동, 김해한솔재활요양병원)",055-321-6624
경남,진영병원 장례식장,"경상남도 김해시 진영읍 김해대로334번길 9,지하1층 (진영리, 진영삼성병원)",055-345-1444
경남,진영전문장례식장,경상남도 김해시 진영읍 서부로 47 (설창리),055-345-9444
경남,녹십자요양병원장례식장,경상남도 김해시 호계로 416 (부원동),055-338-3501
경남,희윤요양병원 장례식장,경상남도 밀양시 부북면 춘화로 60 (용지리),055-353-9199
경남,한솔장례식장,경상남도 밀양시 창밀로 3528 (내이동),055-356-7213
경남,밀양병원장례식장,경상남도 밀양시 밀양대로 1823 (삼문동),055-356-9411
경남,밀양시민장례식장,"경상남도 밀양시 중앙로 114 (가곡동, 세종요양병원)",055-354-0444
경남,밀양농협장례식장,경상남도 밀양시 북성로7길 66 (내일동),055-355-8525
경남,행복한병원장례식장,경상남도 밀양시 하남읍 수산중앙로 56-2 (수산리),054-391-0062
경남,대우병원장례식장,"경상남도 거제시 두모길 16 (두모동, 대우병원)",055-680-8444
경남,맑은샘병원장례식장,"경상남도 거제시 연초면 거제대로 4477 (연사리, 맑은샘병원)",055-636-4800
경남,백병원대명아임레디장례 식장,"경상남도 거제시 계룡로5길 14 (상동동, 거붕백병원)",055-636-3112
경남,21C한일병원장례식장,경상남도 거제시 사등면 지석로 70 (지석리),055-634-1014
경남,굿뉴스요양병원장례식장,"경상남도 거제시 거제면 거제남서로 3554 (서정리, 굿뉴스병원)",055-633-0844
경남,보람상조개발(주)양산부 산대병원장례식장,경상남도 양산시 물금읍 금오로 20 (양산부산대학교병원 장례식장),055-372-4447
경남,웅상중앙병원장례식장,경상남도 양산시 서창로 59 (명동),055-912-4440
경남,혜인요양병원장례식장,"경상남도 양산시 웅상대로 955 (평산동, 토해인병원)",055-912-4449
경남,양산서울요양병원장례식 장,"경상남도 양산시 삼성7길 11-14,양산서울요양병원장례식장 (북정동)",055-381-4144
경남,양산장례식장,"경상남도 양산시 동면 남양산길 73, 양산장례식장",055-366-4440
경남,쉴낙원 양산시민장례식장,경상남도 양산시 상북면 와곡1길 28 (소토리),055-381-4444
경남,신세계병원장례식장,경상남도 양산시 월라2길 45 (덕계동),055-367-4411
경남,새웅상요양병원장례식장,경상남도 양산시 서창동1길 7 (삼호동),055-362-4444
경남,자굴산장례식장,경상남도 의령군 가례면 홍의로 312 (가례리),055-573-2233
경남,의령전문장례식장,경상남도 의령군 용덕면 의합대로 510 (정동리),055-574-4040
경남,부성장례식장,경상남도 의령군 유곡면 의합대로 1648 (세간리),055-573-4500
경남,의령사랑병원장례식장,경상남도 의령군 의령읍 의합대로 105-8 (무전리),055-600-2044
경남,함안하늘공원장례식장,"경상남도 함안군 가야읍 함마대로 1145 (사내리, 함안하늘공원)",055-585-7180
경남,함안시민장례식장,경상남도 함안군 산인면 학산2길 17-50 (송정리),055-785-4444
경남,시영의료재단 영동병원장례식장,"경상남도 함안군 칠원읍 용산2길 45-13 (용산리, 병원)",055-587-4447
경남,새롬병원장례식장,경상남도 함안군 칠원읍 예곡1길 13 (예곡리),055-586-6006
경남,한성병원장례식장,경상남도 창녕군 창녕읍 교리1길 2 (교리),055-532-1532
경남,창녕전문장례식장,경상남도 창녕군 창녕읍 창녕대로 120 (탐하리),055-532-4445
경남,남지요양병원장례식장,경상남도 창녕군 남지읍 동포로 15 (남지리),055-526-5788
경남,창녕군공설장례식장,경상남도 창녕군 창녕읍 탐하로 201 (술정리),055-533-8510
경남,부곡온천병원장례식장,"경상남도 창녕군 부곡면 원앙로 72 (거문리, 부곡온천병원)",055-521-7744
경남,영산요양병원장례식장,경상남도 창녕군 영산면 영산도천로 430 (죽사리),055-536-9090
경남,창녕효요양병원장례식장,경상남도 창녕군 대지면 효정직교길 119 (효정리),055-532-5858
경남,경남요양병원장례식장,경상남도 창녕군 남지읍 남지중앙로 45 (남지리),055-526-2575
경남,고성제일요양병원장례식 장,경상남도 고성군 고성읍 남해안대로 2514 (율대리),055-804-8400
경남,고성영락원장례식장,"경상남도 고성군 고성읍 남해안대로 2607-1 (동외리, 고성영락원장례식장)",055-672-4444
경남,고성장례식장화라주식회 사,경상남도 고성군 고성읍 상정대로 390 (교사리),055-672-5000
경남,고성성심병원장례식장,경상남도 고성군 회화면 남해안대로 3963-21 (삼덕리),055-673-8780
경남,남해전문장례식장,경상남도 남해군 남해읍 남해대로 2629-4 (입현리),055-863-1024
경남,남해병원장례식장,경상남도 남해군 남해읍 화전로 175 (아산리),055-863-5444
경남,남해추모누리장례식장,경상남도 남해군 서면 연죽로 46-77 (연죽리),055-862-0442
경남,창선공익장례식장,경상남도 남해군 창선면 동부대로 2437-15 (동대리),055-867-4141
경남,하동장례식장,경상남도 하동군 적량면 공설운동장로 95-7 (동산리),055-883-4484
경남,하동우리들병원장례식장,"경상남도 하동군 금남면 섬진강대로 957 (계천리, 하동우리들병원)",055-884-1024
경남,하동병원장례식장,경상남도 하동군 하동읍 화심길 51-7 (두곡리),055-884-7044
경남,새진교장례식장,경상남도 하동군 진교면 경충로 1155 (진교리),055-884-8224
경남,진교장례식장,경상남도 하동군 진교면 구고속도로 826 (고룡리),055-883-0474
경남,산청장례식장,경상남도 산청군 산청읍 웅석봉로133번길 146-1 (지리),055-974-4500
경남,산청경호장례식장,경상남도 산청군 산청읍 중앙로 93-8(지리),055-973-1234
경남,(주)원지산청장례식장,경상남도 산청군 신안면 지리산대로 3657 (하정리),055-974-1234
경남,함양제일장례식장,경상남도 함양군 함양읍 고운로 476-19 (백천리),055-962-4002
경남,함양장례식장,경상남도 함양군 함양읍 고운로 284 (백천리),055-964-2000
경남,함양성심병원장례식장,경상남도 함양군 함양읍 용평1길 5 (용평리),055-962-9999
경남,거창장례식장,경상남도 거창군 거창읍 장팔길 159-15 (장팔리),055-944-4444
경남,거창적십자병원장례식장,"경상남도 거창군 거창읍 중앙로 91 (상림리, 거창적십자병원)",055-944-4482
경남,거창서경병원장례식장( 거창한국병원장례식장),"경상남도 거창군 거창읍 송정1길 24-13 (송정리, 서경병원)",055-945-0130
경남,합천추모공원장례식장,경상남도 합천군 합천읍 합천호수로 1613 (합천리),055-934-4444
경남,합천고려병원 장례식장,경상남도 합천군 대양면 대야로 737-20 (정양리),055-931-4464
경남,(주)합천장례식장,경상남도 합천군 대양면 동부로 64-2 (정양리),055-932-7000
